YEAR,EXPERIMENT,LOCATION,VARIETY,FAMILY,CHECK,RM,REPNO,YIELD,RM_GRP,YIELD_GRP,CLASS_ABSENT,FAM_SEGMENT1,FAM_SEGMENT2,FAM_SEGMENT3,FAM_SEGMENT4,FAM_SEGMENT5,CLASS_OF,GRAD,BAGSOLD
2009,09YT000220,3310,V136860,FAM13983,FALSE,3.7,1,68.1337202,3,60,0,0,0,0,1,0,2011,0,0
2009,09YT000220,3310,V136860,FAM13983,FALSE,3.7,2,74.8365336,3,70,0,0,0,0,1,0,2011,0,0
2009,09YT000321,3310,V120205,FAM12494,FALSE,3.8,1,48.0276593,3,40,0,0,0,0,0,1,2011,0,0
2009,09YT000321,3310,V120205,FAM12494,FALSE,3.8,2,52.4971433,3,50,0,0,0,0,0,1,2011,0,0
2009,09YT000395,1110,V148493,FAM07635,FALSE,2.1,1,61.9242944,2,60,0,0,0,0,0,1,2011,1,61161
2009,09YT000395,1110,V148493,FAM07635,FALSE,2.1,2,66.9426311,2,60,0,0,0,0,0,1,2011,1,61161
2009,09YT000395,1220,V148493,FAM07635,FALSE,2.1,1,54.9561997,2,50,0,0,0,0,0,1,2011,1,61161
2009,09YT000395,1220,V148493,FAM07635,FALSE,2.1,2,55.1584321,2,50,0,0,0,0,0,1,2011,1,61161
2009,09YT000395,1241,V148493,FAM07635,FALSE,2.1,1,50.4189084,2,50,0,0,0,0,0,1,2011,1,61161
2009,09YT000395,1241,V148493,FAM07635,FALSE,2.1,2,52.7375917,2,50,0,0,0,0,0,1,2011,1,61161
2009,09YT000395,1290,V148493,FAM07635,FALSE,2.1,1,46.0781988,2,40,0,0,0,0,0,1,2011,1,61161
2009,09YT000395,1290,V148493,FAM07635,FALSE,2.1,2,42.6891709,2,40,0,0,0,0,0,1,2011,1,61161
2009,09YT000395,2111,V148493,FAM07635,FALSE,2.1,1,48.6864015,2,40,0,0,0,0,0,1,2011,1,61161
2009,09YT000395,2111,V148493,FAM07635,FALSE,2.1,2,51.675723,2,50,0,0,0,0,0,1,2011,1,61161
2009,09YT000395,2220,V148493,FAM07635,FALSE,2.1,1,41.5514652,2,40,0,0,0,0,0,1,2011,1,61161
2009,09YT000395,2220,V148493,FAM07635,FALSE,2.1,2,48.8107149,2,40,0,0,0,0,0,1,2011,1,61161
2009,09YT000395,2270,V148493,FAM07635,FALSE,2.1,1,52.607925,2,50,0,0,0,0,0,1,2011,1,61161
2009,09YT000395,2270,V148493,FAM07635,FALSE,2.1,2,52.273052,2,50,0,0,0,0,0,1,2011,1,61161
2009,09YT000395,2290,V148493,FAM07635,FALSE,2.1,1,58.0818794,2,50,0,0,0,0,0,1,2011,1,61161
2009,09YT000395,2290,V148493,FAM07635,FALSE,2.1,2,55.9593317,2,50,0,0,0,0,0,1,2011,1,61161
2009,09YT000406,2260,V139548,FAM13984,FALSE,3,1,70.0321766,3,70,0,0,0,1,0,0,2013,0,0
2009,09YT000406,2260,V139548,FAM13984,FALSE,3,2,66.9048612,3,60,0,0,0,1,0,0,2013,0,0
2009,09YT000406,2270,V139548,FAM13984,FALSE,3,1,53.0831711,3,50,0,0,0,1,0,0,2013,0,0
2009,09YT000406,2270,V139548,FAM13984,FALSE,3,2,63.4673571,3,60,0,0,0,1,0,0,2013,0,0
2009,09YT000406,2290,V139548,FAM13984,FALSE,3,1,59.9804844,3,50,0,0,0,1,0,0,2013,0,0
2009,09YT000406,2290,V139548,FAM13984,FALSE,3,2,59.6456114,3,50,0,0,0,1,0,0,2013,0,0
2009,09YT000406,3120,V139548,FAM13984,FALSE,3,1,62.5488355,3,60,0,0,0,1,0,0,2013,0,0
2009,09YT000406,3120,V139548,FAM13984,FALSE,3,2,49.1457366,3,40,0,0,0,1,0,0,2013,0,0
2009,09YT000406,3210,V139548,FAM13984,FALSE,3,1,73.3279694,3,70,0,0,0,1,0,0,2013,0,0
2009,09YT000406,3210,V139548,FAM13984,FALSE,3,2,82.9728176,3,80,0,0,0,1,0,0,2013,0,0
2009,09YT000608,1250,V150589,FAM12532,FALSE,2,1,44.9724636,2,40,0,0,0,0,1,0,2012,0,0
2009,09YT000608,1250,V150589,FAM12532,FALSE,2,2,50.4189084,2,50,0,0,0,0,1,0,2012,0,0
2009,09YT000608,2290,V150589,FAM12532,FALSE,2,1,47.0230403,2,40,0,0,0,0,1,0,2012,0,0
2009,09YT000608,2290,V150589,FAM12532,FALSE,2,2,48.1409689,2,40,0,0,0,0,1,0,2012,0,0
2009,09YT000609,1250,V150509,FAM12531,FALSE,2.2,1,53.4422823,2,50,0,0,0,1,0,0,2011,0,0
2009,09YT000609,1250,V150509,FAM12531,FALSE,2.2,2,59.3934158,2,50,0,0,0,1,0,0,2011,0,0
2009,09YT000609,2290,V150509,FAM12531,FALSE,2.2,1,48.0276593,2,40,0,0,0,1,0,0,2011,0,0
2009,09YT000609,2290,V150509,FAM12531,FALSE,2.2,2,42.4453025,2,40,0,0,0,1,0,0,2011,0,0
2009,09YT000609,3210,V150509,FAM12531,FALSE,2.2,2,66.0681248,2,60,0,0,0,1,0,0,2011,0,0
2009,09YT000781,3210,V155786,FAM13537,FALSE,2.8,1,64.3052831,2,60,0,0,1,0,0,0,2011,0,0
2009,09YT000781,3490,V155786,FAM13537,FALSE,2.8,1,69.9135138,2,60,0,0,1,0,0,0,2011,0,0
2009,09YT000781,3490,V155786,FAM13537,FALSE,2.8,2,69.9135138,2,60,0,0,1,0,0,0,2011,0,0
2009,09YT000788,3210,V155853,FAM13521,FALSE,2.7,1,52.895214,2,50,0,0,1,0,0,0,2011,1,761392
2009,09YT000788,3210,V155853,FAM13521,FALSE,2.7,2,57.3563708,2,50,0,0,1,0,0,0,2011,1,761392
2009,09YT000788,3490,V155853,FAM13521,FALSE,2.7,1,70.9877245,2,70,0,0,1,0,0,0,2011,1,761392
2009,09YT000788,3490,V155853,FAM13521,FALSE,2.7,2,69.9135138,2,60,0,0,1,0,0,0,2011,1,761392
2009,09YT000798,3210,V155859,FAM06089,FALSE,2.7,1,72.3951726,2,70,0,0,1,0,0,0,2011,0,0
2009,09YT000798,3210,V155859,FAM06089,FALSE,2.7,2,69.9050378,2,60,0,0,1,0,0,0,2011,0,0
2009,09YT000798,3310,V155859,FAM06089,FALSE,2.7,1,64.9327982,2,60,0,0,1,0,0,0,2011,0,0
2009,09YT000798,3310,V155859,FAM06089,FALSE,2.7,2,64.5362146,2,60,0,0,1,0,0,0,2011,0,0
2009,09YT000809,3210,V155800,FAM13537,FALSE,3.1,1,66.8981697,3,60,0,0,1,0,0,0,2011,0,0
2009,09YT000809,3210,V155800,FAM13537,FALSE,3.1,2,74.6771269,3,70,0,0,1,0,0,0,2011,0,0
2009,09YT000809,3210,V155801,FAM13537,FALSE,3.3,1,63.1641572,3,60,0,0,1,0,0,0,2011,0,0
2009,09YT000809,3210,V155801,FAM13537,FALSE,3.3,2,69.0749929,3,60,0,0,1,0,0,0,2011,0,0
2009,09YT000809,3310,V155800,FAM13537,FALSE,3.1,1,85.545481,3,80,0,0,1,0,0,0,2011,0,0
2009,09YT000809,3310,V155800,FAM13537,FALSE,3.1,2,81.0870008,3,80,0,0,1,0,0,0,2011,0,0
2009,09YT000809,3310,V155801,FAM13537,FALSE,3.3,1,78.6438553,3,70,0,0,1,0,0,0,2011,0,0
2009,09YT000809,3310,V155801,FAM13537,FALSE,3.3,2,72.0155408,3,70,0,0,1,0,0,0,2011,0,0
2009,09YT000846,2290,V155888,FAM12533,FALSE,3.1,1,61.6549982,3,60,0,0,0,1,0,0,2012,0,0
2009,09YT000846,2290,V155888,FAM12533,FALSE,3.1,2,58.0818794,3,50,0,0,0,1,0,0,2012,0,0
2009,09YT000846,3210,V155888,FAM12533,FALSE,3.1,1,70.7350828,3,70,0,0,0,1,0,0,2012,0,0
2009,09YT000846,3210,V155888,FAM12533,FALSE,3.1,2,71.8760599,3,70,0,0,0,1,0,0,2012,0,0
2009,09YT000846,3214,V155888,FAM12533,FALSE,3.1,1,72.8090054,3,70,0,0,0,1,0,0,2012,0,0
2009,09YT000846,3214,V155888,FAM12533,FALSE,3.1,2,71.3569473,3,70,0,0,0,1,0,0,2012,0,0
2009,09YT000848,2290,V155842,FAM13982,FALSE,2.4,1,59.7563931,2,50,0,0,0,1,0,0,2011,1,634171
2009,09YT000848,2290,V155842,FAM13982,FALSE,2.4,2,50.039574,2,50,0,0,0,1,0,0,2011,1,634171
2009,09YT000848,3210,V155842,FAM13982,FALSE,2.4,1,59.9492574,2,50,0,0,0,1,0,0,2011,1,634171
2009,09YT000848,3210,V155842,FAM13982,FALSE,2.4,2,57.5621719,2,50,0,0,0,1,0,0,2011,1,634171
2009,09YT000848,3214,V155842,FAM13982,FALSE,2.4,1,68.8691918,2,60,0,0,0,1,0,0,2011,1,634171
2009,09YT000848,3214,V155842,FAM13982,FALSE,2.4,2,70.0079384,2,70,0,0,0,1,0,0,2011,1,634171
2009,09YT000849,2290,V155820,FAM12533,FALSE,2.8,1,55.7352404,2,50,0,0,0,1,0,0,2011,1,1061421
2009,09YT000849,2290,V155820,FAM12533,FALSE,2.8,2,55.0653457,2,50,0,0,0,1,0,0,2011,1,1061421
2009,09YT000849,2290,V155890,FAM12533,FALSE,2.7,1,59.5323018,2,50,0,0,0,1,0,0,2011,0,0
2009,09YT000849,2290,V155890,FAM12533,FALSE,2.7,2,55.6244587,2,50,0,0,0,1,0,0,2011,0,0
2009,09YT000849,2290,V155891,FAM12540,FALSE,2.3,1,52.942798,2,50,0,0,0,1,0,0,2011,0,0
2009,09YT000849,2290,V155891,FAM12540,FALSE,2.3,2,48.3650602,2,40,0,0,0,1,0,0,2011,0,0
2009,09YT000849,3210,V155820,FAM12533,FALSE,2.8,1,62.7480939,2,60,0,0,0,1,0,0,2011,1,1061421
2009,09YT000849,3210,V155820,FAM12533,FALSE,2.8,2,62.9561255,2,60,0,0,0,1,0,0,2011,1,1061421
2009,09YT000849,3210,V155890,FAM12533,FALSE,2.7,1,58.6002485,2,50,0,0,0,1,0,0,2011,0,0
2009,09YT000849,3210,V155890,FAM12533,FALSE,2.7,2,61.6071167,2,60,0,0,0,1,0,0,2011,0,0
2009,09YT000849,3210,V155891,FAM12540,FALSE,2.3,1,60.4661395,2,60,0,0,0,1,0,0,2011,0,0
2009,09YT000849,3210,V155891,FAM12540,FALSE,2.3,2,64.4081837,2,60,0,0,0,1,0,0,2011,0,0
2009,09YT000849,3214,V155820,FAM12533,FALSE,2.8,1,70.5270511,2,70,0,0,0,1,0,0,2011,1,1061421
2009,09YT000849,3214,V155820,FAM12533,FALSE,2.8,2,67.0010703,2,60,0,0,0,1,0,0,2011,1,1061421
2009,09YT000849,3214,V155890,FAM12533,FALSE,2.7,1,65.3409805,2,60,0,0,0,1,0,0,2011,0,0
2009,09YT000849,3214,V155890,FAM12533,FALSE,2.7,2,69.6970062,2,60,0,0,0,1,0,0,2011,0,0
2009,09YT000849,3214,V155891,FAM12540,FALSE,2.3,1,69.6970062,2,60,0,0,0,1,0,0,2011,0,0
2009,09YT000849,3214,V155891,FAM12540,FALSE,2.3,2,71.1489156,2,70,0,0,0,1,0,0,2011,0,0
2009,09YT000849,3310,V155820,FAM12533,FALSE,2.8,1,63.6667641,2,60,0,0,0,1,0,0,2011,1,1061421
2009,09YT000849,3310,V155820,FAM12533,FALSE,2.8,2,64.7823135,2,60,0,0,0,1,0,0,2011,1,1061421
2009,09YT000849,3310,V155890,FAM12533,FALSE,2.7,1,63.6667641,2,60,0,0,0,1,0,0,2011,0,0
2009,09YT000849,3310,V155890,FAM12533,FALSE,2.7,2,69.2516489,2,60,0,0,0,1,0,0,2011,0,0
2009,09YT000849,3310,V155891,FAM12540,FALSE,2.3,1,62.5488355,2,60,0,0,0,1,0,0,2011,0,0
2009,09YT000849,3310,V155891,FAM12540,FALSE,2.3,2,63.6667641,2,60,0,0,0,1,0,0,2011,0,0
2009,09YT000852,3210,V155843,FAM13991,FALSE,3,1,59.1193612,3,50,0,0,0,0,1,0,2011,1,871341
2009,09YT000852,3210,V155843,FAM13991,FALSE,3,2,61.6071167,3,60,0,0,0,0,1,0,2011,1,871341
2009,09YT000852,3214,V155843,FAM13991,FALSE,3,1,65.6520614,3,60,0,0,0,0,1,0,2011,1,871341
2009,09YT000852,3214,V155843,FAM13991,FALSE,3,2,68.4531284,3,60,0,0,0,0,1,0,2011,1,871341
2009,09YT000852,3310,V155843,FAM13991,FALSE,3,1,73.7184563,3,70,0,0,0,0,1,0,2011,1,871341
2009,09YT000852,3310,V155843,FAM13991,FALSE,3,2,65.9002422,3,60,0,0,0,0,1,0,2011,1,871341
2009,09YT000855,3210,V155918,FAM13984,FALSE,3.6,1,56.6292264,3,50,0,0,0,1,0,0,2011,1,408657
2009,09YT000855,3210,V155918,FAM13984,FALSE,3.6,2,60.7793023,3,60,0,0,0,1,0,0,2011,1,408657
2009,09YT000855,3214,V155918,FAM13984,FALSE,3.6,1,67.5201829,3,60,0,0,0,1,0,0,2011,1,408657
2009,09YT000855,3214,V155918,FAM13984,FALSE,3.6,2,68.6611601,3,60,0,0,0,1,0,0,2011,1,408657
2009,09YT000855,3310,V155918,FAM13984,FALSE,3.6,1,55.84855,3,50,0,0,0,1,0,0,2011,1,408657
2009,09YT000855,3310,V155918,FAM13984,FALSE,3.6,2,81.5368191,3,80,0,0,0,1,0,0,2011,1,408657
2009,09YT000870,2291,V120075,FAM12485,FALSE,2.6,1,59.6456114,2,50,0,0,0,0,1,0,2011,0,0
2009,09YT000870,2291,V120075,FAM12485,FALSE,2.6,2,62.1031808,2,60,0,0,0,0,1,0,2011,0,0
2009,09YT000870,2441,V120075,FAM12485,FALSE,2.6,1,58.888727,2,50,0,0,0,0,1,0,2011,0,0
2009,09YT000870,2441,V120075,FAM12485,FALSE,2.6,2,63.4260184,2,60,0,0,0,0,1,0,2011,0,0
2009,09YT000870,3121,V120075,FAM12485,FALSE,2.6,2,61.4332861,2,60,0,0,0,0,1,0,2011,0,0
2009,09YT000870,3211,V120075,FAM12485,FALSE,2.6,1,58.3932577,2,50,0,0,0,0,1,0,2011,0,0
2009,09YT000870,3214,V120075,FAM12485,FALSE,2.6,1,52.1704488,2,50,0,0,0,0,1,0,2011,0,0
2009,09YT000870,3214,V120075,FAM12485,FALSE,2.6,2,56.6292264,2,50,0,0,0,0,1,0,2011,0,0
2009,09YT000870,3311,V120075,FAM12485,FALSE,2.6,1,37.9759672,2,30,0,0,0,0,1,0,2011,0,0
2009,09YT000870,3311,V120075,FAM12485,FALSE,2.6,2,46.9122586,2,40,0,0,0,0,1,0,2011,0,0
2009,09YT000870,3315,V120075,FAM12485,FALSE,2.6,1,67.5323763,2,60,0,0,0,0,1,0,2011,0,0
2009,09YT000870,3315,V120075,FAM12485,FALSE,2.6,2,64.7656591,2,60,0,0,0,0,1,0,2011,0,0
2009,09YT000870,3320,V120075,FAM12485,FALSE,2.6,1,48.0276593,2,40,0,0,0,0,1,0,2011,0,0
2009,09YT000870,3320,V120075,FAM12485,FALSE,2.6,2,54.7304727,2,50,0,0,0,0,1,0,2011,0,0
2009,09YT000870,3330,V120075,FAM12485,FALSE,2.6,1,48.0276593,2,40,0,0,0,0,1,0,2011,0,0
2009,09YT000870,3330,V120075,FAM12485,FALSE,2.6,2,63.6667641,2,60,0,0,0,0,1,0,2011,0,0
2009,09YT000870,3491,V120075,FAM12485,FALSE,2.6,2,65.6096818,2,60,0,0,0,0,1,0,2011,0,0
2010,10YT000998,2260,V155888,FAM12533,FALSE,3.1,1,64.1124188,3,60,0,1,0,0,0,0,2012,0,0
2010,10YT000998,2260,V155888,FAM12533,FALSE,3.1,2,48.5867723,3,40,0,1,0,0,0,0,2012,0,0
2010,10YT000998,2310,V155888,FAM12533,FALSE,3.1,2,58.1928098,3,50,0,1,0,0,0,0,2012,0,0
2010,10YT000998,2440,V155888,FAM12533,FALSE,3.1,1,38.7212529,3,30,0,1,0,0,0,0,2012,0,0
2010,10YT000998,2440,V155888,FAM12533,FALSE,3.1,2,37.209566,3,30,0,1,0,0,0,0,2012,0,0
2010,10YT000998,2450,V155888,FAM12533,FALSE,3.1,1,51.1235989,3,50,0,1,0,0,0,0,2012,0,0
2010,10YT000998,2450,V155888,FAM12533,FALSE,3.1,2,62.5190954,3,60,0,1,0,0,0,0,2012,0,0
2010,10YT000998,3120,V155888,FAM12533,FALSE,3.1,2,75.058097,3,70,0,1,0,0,0,0,2012,0,0
2010,10YT000998,3130,V155888,FAM12533,FALSE,3.1,1,51.8272486,3,50,0,1,0,0,0,0,2012,0,0
2010,10YT000998,3130,V155888,FAM12533,FALSE,3.1,2,58.8625558,3,50,0,1,0,0,0,0,2012,0,0
2010,10YT000998,3240,V155888,FAM12533,FALSE,3.1,2,48.1255041,3,40,0,1,0,0,0,0,2012,0,0
2010,10YT000998,3260,V155888,FAM12533,FALSE,3.1,1,48.2517506,3,40,0,1,0,0,0,0,2012,0,0
2010,10YT000998,3310,V155888,FAM12533,FALSE,3.1,1,69.9071197,3,60,0,1,0,0,0,0,2012,0,0
2010,10YT000998,3310,V155888,FAM12533,FALSE,3.1,2,68.6045053,3,60,0,1,0,0,0,0,2012,0,0
2010,10YT000998,3430,V155888,FAM12533,FALSE,3.1,1,67.5609268,3,60,0,1,0,0,0,0,2012,0,0
2010,10YT000998,3490,V155888,FAM12533,FALSE,3.1,1,51.572079,3,50,0,1,0,0,0,0,2012,0,0
2010,10YT000998,3490,V155888,FAM12533,FALSE,3.1,2,38.7541157,3,30,0,1,0,0,0,0,2012,0,0
2010,10YT001297,2170,V155801,FAM13537,FALSE,3.3,1,72.6030555,3,70,0,1,0,0,0,0,2011,0,0
2010,10YT001297,2260,V155800,FAM13537,FALSE,3.1,1,47.3579133,3,40,0,1,0,0,0,0,2011,0,0
2010,10YT001297,2260,V155800,FAM13537,FALSE,3.1,2,52.4971433,3,50,0,1,0,0,0,0,2011,0,0
2010,10YT001297,2260,V155801,FAM13537,FALSE,3.3,1,43.2259789,3,40,0,1,0,0,0,0,2011,0,0
2010,10YT001297,2260,V155801,FAM13537,FALSE,3.3,2,57.8577881,3,50,0,1,0,0,0,0,2011,0,0
2010,10YT001297,2310,V155800,FAM13537,FALSE,3.1,1,58.5276828,3,50,0,1,0,0,0,0,2011,0,0
2010,10YT001297,2310,V155800,FAM13537,FALSE,3.1,2,48.9216453,3,40,0,1,0,0,0,0,2011,0,0
2010,10YT001297,2310,V155801,FAM13537,FALSE,3.3,1,59.4215201,3,50,0,1,0,0,0,0,2011,0,0
2010,10YT001297,2310,V155801,FAM13537,FALSE,3.3,2,50.374447,3,50,0,1,0,0,0,0,2011,0,0
2010,10YT001297,2320,V155800,FAM13537,FALSE,3.1,1,63.4426728,3,60,0,1,0,0,0,0,2011,0,0
2010,10YT001297,2320,V155800,FAM13537,FALSE,3.1,2,77.5156664,3,70,0,1,0,0,0,0,2011,0,0
2010,10YT001297,2320,V155801,FAM13537,FALSE,3.3,2,68.4685932,3,60,0,1,0,0,0,0,2011,0,0
2010,10YT001297,2405,V155800,FAM13537,FALSE,3.1,1,42.0390533,3,40,0,1,0,0,0,0,2011,0,0
2010,10YT001297,2405,V155800,FAM13537,FALSE,3.1,2,43.3739357,3,40,0,1,0,0,0,0,2011,0,0
2010,10YT001297,2405,V155801,FAM13537,FALSE,3.3,2,43.3739357,3,40,0,1,0,0,0,0,2011,0,0
2010,10YT001297,2420,V155800,FAM13537,FALSE,3.1,1,61.5862986,3,60,0,1,0,0,0,0,2011,0,0
2010,10YT001297,2420,V155801,FAM13537,FALSE,3.3,1,60.2836843,3,60,0,1,0,0,0,0,2011,0,0
2010,10YT001297,2420,V155801,FAM13537,FALSE,3.3,2,67.9952803,3,60,0,1,0,0,0,0,2011,0,0
2010,10YT001297,2440,V155800,FAM13537,FALSE,3.1,1,36.100262,3,30,0,1,0,0,0,0,2011,0,0
2010,10YT001297,2440,V155801,FAM13537,FALSE,3.3,2,37.1072602,3,30,0,1,0,0,0,0,2011,0,0
2010,10YT001297,2450,V155800,FAM13537,FALSE,3.1,1,64.9377053,3,60,0,1,0,0,0,0,2011,0,0
2010,10YT001297,2450,V155800,FAM13537,FALSE,3.1,2,60.7027216,3,60,0,1,0,0,0,0,2011,0,0
2010,10YT001297,2450,V155801,FAM13537,FALSE,3.3,2,64.83763,3,60,0,1,0,0,0,0,2011,0,0
2010,10YT001297,3120,V155800,FAM13537,FALSE,3.1,2,67.2397342,3,60,0,1,0,0,0,0,2011,0,0
2010,10YT001297,3120,V155801,FAM13537,FALSE,3.3,1,80.6429817,3,80,0,1,0,0,0,0,2011,0,0
2010,10YT001297,3130,V155800,FAM13537,FALSE,3.1,2,59.1974288,3,50,0,1,0,0,0,0,2011,0,0
2010,10YT001297,3130,V155801,FAM13537,FALSE,3.3,2,59.9804844,3,50,0,1,0,0,0,0,2011,0,0
2010,10YT001297,3140,V155800,FAM13537,FALSE,3.1,1,76.4001169,3,70,0,1,0,0,0,0,2011,0,0
2010,10YT001297,3140,V155801,FAM13537,FALSE,3.3,1,76.73499,3,70,0,1,0,0,0,0,2011,0,0
2010,10YT001297,3150,V155800,FAM13537,FALSE,3.1,2,62.5488355,3,60,0,1,0,0,0,0,2011,0,0
2010,10YT001297,3150,V155801,FAM13537,FALSE,3.3,1,58.0818794,3,50,0,1,0,0,0,0,2011,0,0
2010,10YT001297,3150,V155801,FAM13537,FALSE,3.3,2,63.6667641,3,60,0,1,0,0,0,0,2011,0,0
2010,10YT001297,3203,V155800,FAM13537,FALSE,3.1,1,42.7568295,3,40,0,1,0,0,0,0,2011,0,0
2010,10YT001297,3203,V155800,FAM13537,FALSE,3.1,2,41.0149546,3,40,0,1,0,0,0,0,2011,0,0
2010,10YT001297,3203,V155801,FAM13537,FALSE,3.3,1,46.5915121,3,40,0,1,0,0,0,0,2011,0,0
2010,10YT001297,3203,V155801,FAM13537,FALSE,3.3,2,49.0325757,3,40,0,1,0,0,0,0,2011,0,0
2010,10YT001297,3210,V155800,FAM13537,FALSE,3.1,1,45.2215365,3,40,0,1,0,0,0,0,2011,0,0
2010,10YT001297,3210,V155800,FAM13537,FALSE,3.1,2,53.311426,3,50,0,1,0,0,0,0,2011,0,0
2010,10YT001297,3210,V155801,FAM13537,FALSE,3.3,1,56.0072132,3,50,0,1,0,0,0,0,2011,0,0
2010,10YT001297,3210,V155801,FAM13537,FALSE,3.3,2,61.9180489,3,60,0,1,0,0,0,0,2011,0,0
2010,10YT001297,3240,V155800,FAM13537,FALSE,3.1,1,68.556029,3,60,0,1,0,0,0,0,2011,0,0
2010,10YT001297,3240,V155800,FAM13537,FALSE,3.1,2,47.2954592,3,40,0,1,0,0,0,0,2011,0,0
2010,10YT001297,3260,V155800,FAM13537,FALSE,3.1,2,47.0230403,3,40,0,1,0,0,0,0,2011,0,0
2010,10YT001297,3260,V155801,FAM13537,FALSE,3.3,2,49.704701,3,40,0,1,0,0,0,0,2011,0,0
2010,10YT001297,3270,V155801,FAM13537,FALSE,3.3,1,50.7183907,3,50,0,1,0,0,0,0,2011,0,0
2010,10YT001297,3310,V155800,FAM13537,FALSE,3.1,1,72.6030555,3,70,0,1,0,0,0,0,2011,0,0
2010,10YT001297,3310,V155800,FAM13537,FALSE,3.1,2,71.4851269,3,70,0,1,0,0,0,0,2011,0,0
2010,10YT001297,3310,V155801,FAM13537,FALSE,3.3,1,63.6667641,3,60,0,1,0,0,0,0,2011,0,0
2010,10YT001297,3310,V155801,FAM13537,FALSE,3.3,2,65.9002422,3,60,0,1,0,0,0,0,2011,0,0
2010,10YT001297,3320,V155800,FAM13537,FALSE,3.1,1,65.7894605,3,60,0,1,0,0,0,0,2011,0,0
2010,10YT001297,3320,V155800,FAM13537,FALSE,3.1,2,58.5276828,3,50,0,1,0,0,0,0,2011,0,0
2010,10YT001297,3320,V155801,FAM13537,FALSE,3.3,1,56.518296,3,50,0,1,0,0,0,0,2011,0,0
2010,10YT001297,3320,V155801,FAM13537,FALSE,3.3,2,45.1244352,3,40,0,1,0,0,0,0,2011,0,0
2010,10YT001297,3370,V155800,FAM13537,FALSE,3.1,2,61.2960357,3,60,0,1,0,0,0,0,2011,0,0
2010,10YT001297,3370,V155801,FAM13537,FALSE,3.3,1,52.7923134,3,50,0,1,0,0,0,0,2011,0,0
2010,10YT001297,3370,V155801,FAM13537,FALSE,3.3,2,64.7191159,3,60,0,1,0,0,0,0,2011,0,0
2010,10YT001297,3410,V155800,FAM13537,FALSE,3.1,2,30.3427362,3,30,0,1,0,0,0,0,2011,0,0
2010,10YT001297,3410,V155801,FAM13537,FALSE,3.3,2,46.1654858,3,40,0,1,0,0,0,0,2011,0,0
2010,10YT001297,3420,V155801,FAM13537,FALSE,3.3,1,63.8889223,3,60,0,1,0,0,0,0,2011,0,0
2010,10YT001297,3420,V155801,FAM13537,FALSE,3.3,2,61.9858563,3,60,0,1,0,0,0,0,2011,0,0
2010,10YT001297,3430,V155800,FAM13537,FALSE,3.1,2,71.9959123,3,70,0,1,0,0,0,0,2011,0,0
2010,10YT001297,3430,V155801,FAM13537,FALSE,3.3,1,66.349317,3,60,0,1,0,0,0,0,2011,0,0
2010,10YT001297,3430,V155801,FAM13537,FALSE,3.3,2,69.172689,3,60,0,1,0,0,0,0,2011,0,0
2010,10YT001297,3490,V155800,FAM13537,FALSE,3.1,1,47.6666151,3,40,0,1,0,0,0,0,2011,0,0
2010,10YT001297,3501,V155800,FAM13537,FALSE,3.1,1,55.4076537,3,50,0,1,0,0,0,0,2011,0,0
2010,10YT001297,3501,V155800,FAM13537,FALSE,3.1,2,60.1129764,3,60,0,1,0,0,0,0,2011,0,0
2010,10YT001297,4310,V155800,FAM13537,FALSE,3.1,1,52.895214,3,50,0,1,0,0,0,0,2011,0,0
2010,10YT001297,4310,V155801,FAM13537,FALSE,3.3,1,52.895214,3,50,0,1,0,0,0,0,2011,0,0
2010,10YT001297,4320,V155800,FAM13537,FALSE,3.1,1,46.8014769,3,40,0,1,0,0,0,0,2011,0,0
2010,10YT001297,4320,V155800,FAM13537,FALSE,3.1,2,50.374447,3,50,0,1,0,0,0,0,2011,0,0
2010,10YT001297,4320,V155801,FAM13537,FALSE,3.3,2,66.9048612,3,60,0,1,0,0,0,0,2011,0,0
2010,10YT001297,4330,V155800,FAM13537,FALSE,3.1,1,58.6408437,3,50,0,1,0,0,0,0,2011,0,0
2010,10YT001335,1110,V148493,FAM07635,FALSE,2.1,1,51.5698485,2,50,0,0,0,0,1,0,2011,1,61161
2010,10YT001335,1110,V148493,FAM07635,FALSE,2.1,2,55.6254996,2,50,0,0,0,0,1,0,2011,1,61161
2010,10YT001335,1110,V150481,FAM13980,FALSE,1.9,2,58.8290982,1,50,0,0,1,0,0,0,2011,0,0
2010,10YT001335,1110,V150509,FAM12531,FALSE,2.2,1,58.8290982,2,50,0,0,1,0,0,0,2011,0,0
2010,10YT001335,1110,V150509,FAM12531,FALSE,2.2,2,61.4982681,2,60,0,0,1,0,0,0,2011,0,0
2010,10YT001335,1230,V150481,FAM13980,FALSE,1.9,2,67.458621,1,60,0,0,1,0,0,0,2011,0,0
2010,10YT001335,1230,V150509,FAM12531,FALSE,2.2,1,63.6283994,2,60,0,0,1,0,0,0,2011,0,0
2010,10YT001335,1230,V150509,FAM12531,FALSE,2.2,2,64.6353977,2,60,0,0,1,0,0,0,2011,0,0
2010,10YT001335,1240,V148493,FAM07635,FALSE,2.1,1,46.0817676,2,40,0,0,0,0,1,0,2011,1,61161
2010,10YT001335,1240,V150481,FAM13980,FALSE,1.9,1,55.7631961,1,50,0,0,1,0,0,0,2011,0,0
2010,10YT001335,1240,V150481,FAM13980,FALSE,1.9,2,51.4259066,1,50,0,0,1,0,0,0,2011,0,0
2010,10YT001335,1240,V150509,FAM12531,FALSE,2.2,1,55.6608903,2,50,0,0,1,0,0,0,2011,0,0
2010,10YT001335,1240,V150509,FAM12531,FALSE,2.2,2,49.611912,2,40,0,0,1,0,0,0,2011,0,0
2010,10YT001335,1250,V148493,FAM07635,FALSE,2.1,1,50.4189084,2,50,0,0,0,0,1,0,2011,1,61161
2010,10YT001335,1250,V148493,FAM07635,FALSE,2.1,2,47.7956869,2,40,0,0,0,0,1,0,2011,1,61161
2010,10YT001335,1250,V150481,FAM13980,FALSE,1.9,1,55.2585073,1,50,0,0,1,0,0,0,2011,0,0
2010,10YT001335,1250,V150481,FAM13980,FALSE,1.9,2,53.4422823,1,50,0,0,1,0,0,0,2011,0,0
2010,10YT001335,1250,V150509,FAM12531,FALSE,2.2,1,50.6190589,2,50,0,0,1,0,0,0,2011,0,0
2010,10YT001335,1250,V150509,FAM12531,FALSE,2.2,2,53.7445899,2,50,0,0,1,0,0,0,2011,0,0
2010,10YT001335,1260,V148493,FAM07635,FALSE,2.1,1,58.9349728,2,50,0,0,0,0,1,0,2011,1,61161
2010,10YT001335,1260,V150481,FAM13980,FALSE,1.9,1,70.4663814,1,70,0,0,1,0,0,0,2011,0,0
2010,10YT001335,1260,V150509,FAM12531,FALSE,2.2,2,64.0615633,2,60,0,0,1,0,0,0,2011,0,0
2010,10YT001335,1280,V148493,FAM07635,FALSE,2.1,1,57.4402377,2,50,0,0,0,0,1,0,2011,1,61161
2010,10YT001335,1280,V150481,FAM13980,FALSE,1.9,2,66.9426311,1,60,0,0,1,0,0,0,2011,0,0
2010,10YT001335,1280,V150509,FAM12531,FALSE,2.2,2,60.4297079,2,60,0,0,1,0,0,0,2011,0,0
2010,10YT001335,1304,V150481,FAM13980,FALSE,1.9,1,51.6926749,1,50,0,0,1,0,0,0,2011,0,0
2010,10YT001335,1304,V150509,FAM12531,FALSE,2.2,2,65.5789009,2,60,0,0,1,0,0,0,2011,0,0
2010,10YT001335,1410,V148493,FAM07635,FALSE,2.1,2,63.1256438,2,60,0,0,0,0,1,0,2011,1,61161
2010,10YT001335,1410,V150481,FAM13980,FALSE,1.9,2,66.1512482,1,60,0,0,1,0,0,0,2011,0,0
2010,10YT001335,1520,V150481,FAM13980,FALSE,1.9,2,54.451511,1,50,0,0,1,0,0,0,2011,0,0
2010,10YT001335,1520,V150509,FAM12531,FALSE,2.2,1,58.4841136,2,50,0,0,1,0,0,0,2011,0,0
2010,10YT001335,2110,V148493,FAM07635,FALSE,2.1,2,61.9242944,2,60,0,0,0,0,1,0,2011,1,61161
2010,10YT001335,2110,V150481,FAM13980,FALSE,1.9,1,49.5408333,1,40,0,0,1,0,0,0,2011,0,0
2010,10YT001335,2110,V150481,FAM13980,FALSE,1.9,2,49.9668595,1,40,0,0,1,0,0,0,2011,0,0
2010,10YT001335,2110,V150509,FAM12531,FALSE,2.2,2,55.519625,2,50,0,0,1,0,0,0,2011,0,0
2010,10YT001335,2120,V148493,FAM07635,FALSE,2.1,1,64.4474405,2,60,0,0,0,0,1,0,2011,1,61161
2010,10YT001335,2120,V148493,FAM07635,FALSE,2.1,2,63.2185815,2,60,0,0,0,0,1,0,2011,1,61161
2010,10YT001335,2120,V150481,FAM13980,FALSE,1.9,1,72.2656546,1,70,0,0,1,0,0,0,2011,0,0
2010,10YT001335,2120,V150509,FAM12531,FALSE,2.2,1,64.7823135,2,60,0,0,1,0,0,0,2011,0,0
2010,10YT001335,2120,V150509,FAM12531,FALSE,2.2,2,68.0227898,2,60,0,0,1,0,0,0,2011,0,0
2010,10YT001335,2130,V150481,FAM13980,FALSE,1.9,1,47.3579133,1,40,0,0,1,0,0,0,2011,0,0
2010,10YT001335,2130,V150509,FAM12531,FALSE,2.2,1,58.5276828,2,50,0,0,1,0,0,0,2011,0,0
2010,10YT001335,2210,V150481,FAM13980,FALSE,1.9,1,56.3678114,1,50,0,0,1,0,0,0,2011,0,0
2010,10YT001335,2210,V150481,FAM13980,FALSE,1.9,2,53.6445146,1,50,0,0,1,0,0,0,2011,0,0
2010,10YT001335,2210,V150509,FAM12531,FALSE,2.2,1,70.1819178,2,70,0,0,1,0,0,0,2011,0,0
2010,10YT001335,2210,V150509,FAM12531,FALSE,2.2,2,68.4679984,2,60,0,0,1,0,0,0,2011,0,0
2010,10YT001335,2220,V148493,FAM07635,FALSE,2.1,2,52.8320163,2,50,0,0,0,0,1,0,2011,1,61161
2010,10YT001335,2220,V150481,FAM13980,FALSE,1.9,1,51.9380303,1,50,0,0,1,0,0,0,2011,0,0
2010,10YT001335,2220,V150481,FAM13980,FALSE,1.9,2,54.284818,1,50,0,0,1,0,0,0,2011,0,0
2010,10YT001335,2220,V150509,FAM12531,FALSE,2.2,1,46.3532943,2,40,0,0,1,0,0,0,2011,0,0
2010,10YT001335,2230,V148493,FAM07635,FALSE,2.1,2,46.5773856,2,40,0,0,0,0,1,0,2011,1,61161
2010,10YT001335,2230,V150481,FAM13980,FALSE,1.9,2,47.2471316,1,40,0,0,1,0,0,0,2011,0,0
2010,10YT001335,2230,V150509,FAM12531,FALSE,2.2,2,61.2091948,2,60,0,0,1,0,0,0,2011,0,0
2010,10YT001335,2250,V148493,FAM07635,FALSE,2.1,1,37.8651855,2,30,0,0,0,0,1,0,2011,1,61161
2010,10YT001335,2260,V148493,FAM07635,FALSE,2.1,2,48.0276593,2,40,0,0,0,0,1,0,2011,1,61161
2010,10YT001335,2270,V148493,FAM07635,FALSE,2.1,1,43.6716336,2,40,0,0,0,0,1,0,2011,1,61161
2010,10YT001335,2270,V148493,FAM07635,FALSE,2.1,2,51.1575026,2,50,0,0,0,0,1,0,2011,1,61161
2010,10YT001335,2270,V150481,FAM13980,FALSE,1.9,1,35.2968344,1,30,0,0,1,0,0,0,2011,0,0
2010,10YT001335,2270,V150509,FAM12531,FALSE,2.2,1,51.379066,2,50,0,0,1,0,0,0,2011,0,0
2010,10YT001335,2270,V150509,FAM12531,FALSE,2.2,2,45.4593083,2,40,0,0,1,0,0,0,2011,0,0
2010,10YT001335,2280,V148493,FAM07635,FALSE,2.1,1,51.8593679,2,50,0,0,0,0,1,0,2011,1,61161
2010,10YT001335,2280,V148493,FAM07635,FALSE,2.1,2,52.37625,2,50,0,0,0,0,1,0,2011,1,61161
2010,10YT001335,2280,V150481,FAM13980,FALSE,1.9,2,54.1414709,1,50,0,0,1,0,0,0,2011,0,0
2010,10YT001335,2280,V150509,FAM12531,FALSE,2.2,1,57.4592713,2,50,0,0,1,0,0,0,2011,0,0
2010,10YT001335,2280,V150509,FAM12531,FALSE,2.2,2,70.9431144,2,70,0,0,1,0,0,0,2011,0,0
2010,10YT001335,2301,V148493,FAM07635,FALSE,2.1,1,49.5524319,2,40,0,0,0,0,1,0,2011,1,61161
2010,10YT001335,2301,V148493,FAM07635,FALSE,2.1,2,53.0101593,2,50,0,0,0,0,1,0,2011,1,61161
2010,10YT001335,2301,V150481,FAM13980,FALSE,1.9,1,55.3145674,1,50,0,0,1,0,0,0,2011,0,0
2010,10YT001335,2301,V150481,FAM13980,FALSE,1.9,2,59.9257627,1,50,0,0,1,0,0,0,2011,0,0
2010,10YT001335,2308,V148493,FAM07635,FALSE,2.1,1,49.0102707,2,40,0,0,0,0,1,0,2011,1,61161
2010,10YT001335,2308,V150481,FAM13980,FALSE,1.9,1,39.4971709,1,30,0,0,1,0,0,0,2011,0,0
2010,10YT001335,2308,V150481,FAM13980,FALSE,1.9,2,50.5087233,1,50,0,0,1,0,0,0,2011,0,0
2010,10YT001335,2308,V150509,FAM12531,FALSE,2.2,1,54.7270526,2,50,0,0,1,0,0,0,2011,0,0
2010,10YT001335,2340,V150481,FAM13980,FALSE,1.9,1,54.475303,1,50,0,0,1,0,0,0,2011,0,0
2010,10YT001335,2340,V150509,FAM12531,FALSE,2.2,1,59.4823385,2,50,0,0,1,0,0,0,2011,0,0
2010,10YT001335,2340,V150509,FAM12531,FALSE,2.2,2,67.1937858,2,60,0,0,1,0,0,0,2011,0,0
2010,10YT001335,2440,V148493,FAM07635,FALSE,2.1,1,40.3350969,2,40,0,0,0,0,1,0,2011,1,61161
2010,10YT001335,2440,V148493,FAM07635,FALSE,2.1,2,32.4698936,2,30,0,0,0,0,1,0,2011,1,61161
2010,10YT001335,2520,V148493,FAM07635,FALSE,2.1,1,55.4608884,2,50,0,0,0,0,1,0,2011,1,61161
2010,10YT001335,2520,V150481,FAM13980,FALSE,1.9,2,53.4422823,1,50,0,0,1,0,0,0,2011,0,0
2010,10YT001335,2530,V148493,FAM07635,FALSE,2.1,1,55.3585826,2,50,0,0,0,0,1,0,2011,1,61161
2010,10YT001335,2530,V150481,FAM13980,FALSE,1.9,1,61.8120257,1,60,0,0,1,0,0,0,2011,0,0
2010,10YT001335,2530,V150481,FAM13980,FALSE,1.9,2,61.6097933,1,60,0,0,1,0,0,0,2011,0,0
2010,10YT001335,2530,V150509,FAM12531,FALSE,2.2,1,58.384187,2,50,0,0,1,0,0,0,2011,0,0
2010,10YT001335,2530,V150509,FAM12531,FALSE,2.2,2,55.056275,2,50,0,0,1,0,0,0,2011,0,0
2010,10YT001335,3310,V148493,FAM07635,FALSE,2.1,1,53.949945,2,50,0,0,0,0,1,0,2011,1,61161
2010,10YT001335,3310,V148493,FAM07635,FALSE,2.1,2,51.6031573,2,50,0,0,0,0,1,0,2011,1,61161
2010,10YT001335,3310,V150481,FAM13980,FALSE,1.9,1,51.379066,1,50,0,0,1,0,0,0,2011,0,0
2010,10YT001335,3310,V150481,FAM13980,FALSE,1.9,2,50.8201017,1,50,0,0,1,0,0,0,2011,0,0
2010,10YT001335,3310,V150509,FAM12531,FALSE,2.2,1,51.6031573,2,50,0,0,1,0,0,0,2011,0,0
2010,10YT001335,3310,V150509,FAM12531,FALSE,2.2,2,51.2682843,2,50,0,0,1,0,0,0,2011,0,0
2010,10YT001335,3490,V150481,FAM13980,FALSE,1.9,1,40.2553936,1,40,0,0,1,0,0,0,2011,0,0
2010,10YT001335,3490,V150481,FAM13980,FALSE,1.9,2,48.4681095,1,40,0,0,1,0,0,0,2011,0,0
2010,10YT001335,3490,V150509,FAM12531,FALSE,2.2,2,52.773131,2,50,0,0,1,0,0,0,2011,0,0
2010,10YT001490,1110,V150782,FAM14276,FALSE,2.1,1,45.1627999,2,40,0,0,0,1,0,0,2012,0,0
2010,10YT001490,1110,V150787,FAM14162,FALSE,2.1,1,52.1017493,2,50,0,0,0,0,1,0,2012,0,0
2010,10YT001490,1250,V150782,FAM14276,FALSE,2.1,1,54.2492786,2,50,0,0,0,1,0,0,2012,0,0
2010,10YT001490,1250,V150782,FAM14276,FALSE,2.1,2,53.8468957,2,50,0,0,0,1,0,0,2012,0,0
2010,10YT001490,1250,V150787,FAM14162,FALSE,2.1,1,57.8794983,2,50,0,0,0,0,1,0,2012,0,0
2010,10YT001490,1250,V150787,FAM14162,FALSE,2.1,2,57.3748096,2,50,0,0,0,0,1,0,2012,0,0
2010,10YT001514,1110,V120332,FAM14077,FALSE,1.9,1,64.5936129,1,60,0,1,0,0,0,0,2012,0,0
2010,10YT001514,1110,V120332,FAM14077,FALSE,1.9,2,65.127893,1,60,0,1,0,0,0,0,2012,0,0
2010,10YT001514,1110,V150589,FAM12532,FALSE,2,1,61.9242944,2,60,0,1,0,0,0,0,2012,0,0
2010,10YT001514,1110,V150589,FAM12532,FALSE,2,2,56.3740568,2,50,0,1,0,0,0,0,2012,0,0
2010,10YT001514,1110,V150601,FAM13981,FALSE,2,1,65.127893,2,60,0,1,0,0,0,0,2011,0,0
2010,10YT001514,1110,V150601,FAM13981,FALSE,2,2,59.7894046,2,50,0,1,0,0,0,0,2011,0,0
2010,10YT001514,1210,V120332,FAM14077,FALSE,1.9,1,64.5353224,1,60,0,1,0,0,0,0,2012,0,0
2010,10YT001514,1210,V150589,FAM12532,FALSE,2,1,61.509718,2,60,0,1,0,0,0,0,2012,0,0
2010,10YT001514,1210,V150601,FAM13981,FALSE,2,2,65.1399377,2,60,0,1,0,0,0,0,2011,0,0
2010,10YT001514,1230,V120332,FAM14077,FALSE,1.9,1,74.6191338,1,70,0,1,0,0,0,0,2012,0,0
2010,10YT001514,1230,V150589,FAM12532,FALSE,2,2,67.5609268,2,60,0,1,0,0,0,0,2012,0,0
2010,10YT001514,1240,V120332,FAM14077,FALSE,1.9,1,51.7283629,1,50,0,1,0,0,0,0,2012,0,0
2010,10YT001514,1240,V120332,FAM14077,FALSE,1.9,2,41.6445515,1,40,0,1,0,0,0,0,2012,0,0
2010,10YT001514,1240,V150589,FAM12532,FALSE,2,1,45.8793865,2,40,0,1,0,0,0,0,2012,0,0
2010,10YT001514,1240,V150589,FAM12532,FALSE,2,2,50.6190589,2,50,0,1,0,0,0,0,2012,0,0
2010,10YT001514,1240,V150601,FAM13981,FALSE,2,1,46.1840734,2,40,0,1,0,0,0,0,2011,0,0
2010,10YT001514,1240,V150601,FAM13981,FALSE,2,2,46.0817676,2,40,0,1,0,0,0,0,2011,0,0
2010,10YT001514,1250,V120332,FAM14077,FALSE,1.9,1,55.3585826,1,50,0,1,0,0,0,0,2012,0,0
2010,10YT001514,1250,V120332,FAM14077,FALSE,1.9,2,54.0491281,1,50,0,1,0,0,0,0,2012,0,0
2010,10YT001514,1250,V150589,FAM12532,FALSE,2,1,56.670119,2,50,0,1,0,0,0,0,2012,0,0
2010,10YT001514,1250,V150589,FAM12532,FALSE,2,2,53.342207,2,50,0,1,0,0,0,0,2012,0,0
2010,10YT001514,1250,V150601,FAM13981,FALSE,2,1,53.0398993,2,50,0,1,0,0,0,0,2011,0,0
2010,10YT001514,1250,V150601,FAM13981,FALSE,2,2,53.342207,2,50,0,1,0,0,0,0,2011,0,0
2010,10YT001514,1260,V120332,FAM14077,FALSE,1.9,1,76.4450244,1,70,0,1,0,0,0,0,2012,0,0
2010,10YT001514,1260,V150589,FAM12532,FALSE,2,1,69.1859233,2,60,0,1,0,0,0,0,2012,0,0
2010,10YT001514,1260,V150601,FAM13981,FALSE,2,1,82.9580963,2,80,0,1,0,0,0,0,2011,0,0
2010,10YT001514,1260,V150601,FAM13981,FALSE,2,2,81.5692357,2,80,0,1,0,0,0,0,2011,0,0
2010,10YT001514,1270,V120332,FAM14077,FALSE,1.9,1,66.1493151,1,60,0,1,0,0,0,0,2012,0,0
2010,10YT001514,1270,V150589,FAM12532,FALSE,2,1,57.6772659,2,50,0,1,0,0,0,0,2012,0,0
2010,10YT001514,1270,V150589,FAM12532,FALSE,2,2,55.2585073,2,50,0,1,0,0,0,0,2012,0,0
2010,10YT001514,1270,V150601,FAM13981,FALSE,2,2,53.8468957,2,50,0,1,0,0,0,0,2011,0,0
2010,10YT001514,1410,V120332,FAM14077,FALSE,1.9,2,62.7210304,1,60,0,1,0,0,0,0,2012,0,0
2010,10YT001514,1410,V150589,FAM12532,FALSE,2,1,61.8139588,2,60,0,1,0,0,0,0,2012,0,0
2010,10YT001514,1410,V150589,FAM12532,FALSE,2,2,66.4535559,2,60,0,1,0,0,0,0,2012,0,0
2010,10YT001514,1410,V150601,FAM13981,FALSE,2,2,59.9998155,2,50,0,1,0,0,0,0,2011,0,0
2010,10YT001514,1520,V120332,FAM14077,FALSE,1.9,1,56.4678866,1,50,0,1,0,0,0,0,2012,0,0
2010,10YT001514,1520,V150589,FAM12532,FALSE,2,1,66.5516981,2,60,0,1,0,0,0,0,2012,0,0
2010,10YT001514,1520,V150589,FAM12532,FALSE,2,2,66.5516981,2,60,0,1,0,0,0,0,2012,0,0
2010,10YT001514,1520,V150601,FAM13981,FALSE,2,1,52.435284,2,50,0,1,0,0,0,0,2011,0,0
2010,10YT001514,1520,V150601,FAM13981,FALSE,2,2,58.4841136,2,50,0,1,0,0,0,0,2011,0,0
2010,10YT001514,2110,V120332,FAM14077,FALSE,1.9,1,55.6254996,1,50,0,1,0,0,0,0,2012,0,0
2010,10YT001514,2110,V120332,FAM14077,FALSE,1.9,2,63.6331579,1,60,0,1,0,0,0,0,2012,0,0
2010,10YT001514,2110,V150589,FAM12532,FALSE,2,1,49.2206816,2,40,0,1,0,0,0,0,2012,0,0
2010,10YT001514,2110,V150589,FAM12532,FALSE,2,2,51.0355684,2,50,0,1,0,0,0,0,2012,0,0
2010,10YT001514,2110,V150601,FAM13981,FALSE,2,1,62.6728515,2,60,0,1,0,0,0,0,2011,0,0
2010,10YT001514,2110,V150601,FAM13981,FALSE,2,2,69.9319526,2,60,0,1,0,0,0,0,2011,0,0
2010,10YT001514,2210,V120332,FAM14077,FALSE,1.9,1,63.4260184,1,60,0,1,0,0,0,0,2012,0,0
2010,10YT001514,2210,V120332,FAM14077,FALSE,1.9,2,60.5027198,1,60,0,1,0,0,0,0,2012,0,0
2010,10YT001514,2210,V150601,FAM13981,FALSE,2,1,67.9633097,2,60,0,1,0,0,0,0,2011,0,0
2010,10YT001514,2210,V150601,FAM13981,FALSE,2,2,69.5773025,2,60,0,1,0,0,0,0,2011,0,0
2010,10YT001514,2530,V120332,FAM14077,FALSE,1.9,1,58.5864194,1,50,0,1,0,0,0,0,2012,0,0
2010,10YT001514,2530,V120332,FAM14077,FALSE,1.9,2,55.1584321,1,50,0,1,0,0,0,0,2012,0,0
2010,10YT001514,2530,V150589,FAM12532,FALSE,2,2,57.6772659,2,50,0,1,0,0,0,0,2012,0,0
2010,10YT001514,2530,V150601,FAM13981,FALSE,2,1,59.29111,2,50,0,1,0,0,0,0,2011,0,0
2010,10YT001572,1250,V156245,FAM12531,FALSE,2.1,1,60.5027198,2,60,0,0,1,0,0,0,2012,0,0
2010,10YT001572,1250,V156245,FAM12531,FALSE,2.1,2,63.1237107,2,60,0,0,1,0,0,0,2012,0,0
2010,10YT001572,2240,V156245,FAM12531,FALSE,2.1,1,81.5345886,2,80,0,0,1,0,0,0,2012,0,0
2010,10YT001572,3210,V156245,FAM12531,FALSE,2.1,1,56.2153936,2,50,0,0,1,0,0,0,2012,0,0
2010,10YT001572,3210,V156245,FAM12531,FALSE,2.1,2,46.154482,2,40,0,0,1,0,0,0,2012,0,0
2010,10YT001573,1250,V156247,FAM12531,FALSE,2,1,64.2330147,2,60,0,0,1,0,0,0,2012,1,1865062
2010,10YT001573,1250,V156247,FAM12531,FALSE,2,2,62.0144067,2,60,0,0,1,0,0,0,2012,1,1865062
2010,10YT001573,2210,V156247,FAM12531,FALSE,2,1,66.8540057,2,60,0,0,1,0,0,0,2012,1,1865062
2010,10YT001573,2210,V156247,FAM12531,FALSE,2,2,68.2656174,2,60,0,0,1,0,0,0,2012,1,1865062
2010,10YT001573,2230,V156247,FAM12531,FALSE,2,1,67.5747559,2,60,0,0,1,0,0,0,2012,1,1865062
2010,10YT001573,2240,V156247,FAM12531,FALSE,2,1,56.9187459,2,50,0,0,1,0,0,0,2012,1,1865062
2010,10YT001573,3210,V156247,FAM12531,FALSE,2,1,53.9332905,2,50,0,0,1,0,0,0,2012,1,1865062
2010,10YT001573,3210,V156247,FAM12531,FALSE,2,2,53.9332905,2,50,0,0,1,0,0,0,2012,1,1865062
2010,10YT001585,2260,V156281,FAM12531,FALSE,2.9,1,59.3107384,2,50,0,0,1,0,0,0,2012,0,0
2010,10YT001585,2260,V156281,FAM12531,FALSE,2.9,2,70.5911409,2,70,0,0,1,0,0,0,2012,0,0
2010,10YT001585,2340,V156281,FAM12531,FALSE,2.9,1,61.1845105,2,60,0,0,1,0,0,0,2012,0,0
2010,10YT001585,3150,V156281,FAM12531,FALSE,2.9,1,58.0818794,2,50,0,0,1,0,0,0,2012,0,0
2010,10YT001585,3150,V156281,FAM12531,FALSE,2.9,2,55.84855,2,50,0,0,1,0,0,0,2012,0,0
2010,10YT001585,3210,V156281,FAM12531,FALSE,2.9,1,63.3699584,2,60,0,0,1,0,0,0,2012,0,0
2010,10YT001585,3210,V156281,FAM12531,FALSE,2.9,2,70.6321822,2,70,0,0,1,0,0,0,2012,0,0
2010,10YT001585,3310,V156281,FAM12531,FALSE,2.9,2,67.1008482,2,60,0,0,1,0,0,0,2012,0,0
2010,10YT001592,3120,V156305,FAM12531,FALSE,2.5,1,88.0155411,2,80,0,0,1,0,0,0,2012,1,664532
2010,10YT001592,3210,V156305,FAM12531,FALSE,2.5,1,65.135328,2,60,0,0,1,0,0,0,2012,1,664532
2010,10YT001592,3210,V156305,FAM12531,FALSE,2.5,2,65.9629937,2,60,0,0,1,0,0,0,2012,1,664532
2010,10YT001592,3240,V156305,FAM12531,FALSE,2.5,1,52.5842817,2,50,0,0,1,0,0,0,2012,1,664532
2010,10YT001592,3240,V156305,FAM12531,FALSE,2.5,2,70.6321822,2,70,0,0,1,0,0,0,2012,1,664532
2010,10YT001592,3310,V156305,FAM12531,FALSE,2.5,1,71.5770237,2,70,0,0,1,0,0,0,2012,1,664532
2010,10YT001592,3370,V156305,FAM12531,FALSE,2.5,1,54.3472721,2,50,0,0,1,0,0,0,2012,1,664532
2010,10YT001592,3370,V156305,FAM12531,FALSE,2.5,2,57.9782353,2,50,0,0,1,0,0,0,2012,1,664532
2010,10YT001595,3210,V156314,FAM12531,FALSE,2.8,1,57.7702036,2,50,0,0,1,0,0,0,2012,1,755156
2010,10YT001595,3210,V156314,FAM12531,FALSE,2.8,2,58.2893163,2,50,0,0,1,0,0,0,2012,1,755156
2010,10YT001595,3310,V156314,FAM12531,FALSE,2.8,1,73.1544361,2,70,0,0,1,0,0,0,2012,1,755156
2010,10YT001595,3310,V156314,FAM12531,FALSE,2.8,2,73.8671565,2,70,0,0,1,0,0,0,2012,1,755156
2010,10YT001595,3370,V156314,FAM12531,FALSE,2.8,2,49.7832147,2,40,0,0,1,0,0,0,2012,1,755156
2010,10YT001595,3490,V156314,FAM12531,FALSE,2.8,2,54.0755967,2,50,0,0,1,0,0,0,2012,1,755156
2010,10YT001739,2200,V155890,FAM12533,FALSE,2.7,1,64.9271476,2,60,0,1,0,0,0,0,2011,0,0
2010,10YT001739,2200,V155891,FAM12540,FALSE,2.3,1,74.6771269,2,70,0,0,1,0,0,0,2011,0,0
2010,10YT001739,2200,V155891,FAM12540,FALSE,2.3,2,65.7571925,2,60,0,0,1,0,0,0,2011,0,0
2010,10YT001739,2260,V155890,FAM12533,FALSE,2.7,1,58.9758654,2,50,0,1,0,0,0,0,2011,0,0
2010,10YT001739,2260,V155890,FAM12533,FALSE,2.7,2,67.0181708,2,60,0,1,0,0,0,0,2011,0,0
2010,10YT001739,2260,V155891,FAM12540,FALSE,2.3,2,62.8837085,2,60,0,0,1,0,0,0,2011,0,0
2010,10YT001739,2320,V155890,FAM12533,FALSE,2.7,1,59.9804844,2,50,0,1,0,0,0,0,2011,0,0
2010,10YT001739,2320,V155890,FAM12533,FALSE,2.7,2,62.3247442,2,60,0,1,0,0,0,0,2011,0,0
2010,10YT001739,2320,V155891,FAM12540,FALSE,2.3,1,61.9898712,2,60,0,0,1,0,0,0,2011,0,0
2010,10YT001739,2320,V155891,FAM12540,FALSE,2.3,2,66.1243335,2,60,0,0,1,0,0,0,2011,0,0
2010,10YT001739,2420,V155890,FAM12533,FALSE,2.7,2,62.5885385,2,60,0,1,0,0,0,0,2011,0,0
2010,10YT001739,2420,V155891,FAM12540,FALSE,2.3,1,55.3782111,2,50,0,0,1,0,0,0,2011,0,0
2010,10YT001739,2440,V155890,FAM12533,FALSE,2.7,1,39.9304835,2,30,0,1,0,0,0,0,2011,0,0
2010,10YT001739,2440,V155891,FAM12540,FALSE,2.3,2,47.7956869,2,40,0,0,1,0,0,0,2011,0,0
2010,10YT001739,2470,V155890,FAM12533,FALSE,2.7,1,61.3074856,2,60,0,1,0,0,0,0,2011,0,0
2010,10YT001739,2470,V155891,FAM12540,FALSE,2.3,1,63.6283994,2,60,0,0,1,0,0,0,2011,0,0
2010,10YT001739,2470,V155891,FAM12540,FALSE,2.3,2,62.8214031,2,60,0,0,1,0,0,0,2011,0,0
2010,10YT001739,3120,V155891,FAM12540,FALSE,2.3,1,75.1714066,2,70,0,0,1,0,0,0,2011,0,0
2010,10YT001739,3140,V155890,FAM12533,FALSE,2.7,1,54.284818,2,50,0,1,0,0,0,0,2011,0,0
2010,10YT001739,3140,V155890,FAM12533,FALSE,2.7,2,61.5440678,2,60,0,1,0,0,0,0,2011,0,0
2010,10YT001739,3140,V155891,FAM12540,FALSE,2.3,2,56.7398594,2,50,0,0,1,0,0,0,2011,0,0
2010,10YT001739,3310,V155890,FAM12533,FALSE,2.7,1,72.1507093,2,70,0,1,0,0,0,0,2011,0,0
2010,10YT001739,3310,V155890,FAM12533,FALSE,2.7,2,70.4342621,2,70,0,1,0,0,0,0,2011,0,0
2010,10YT001739,3310,V155891,FAM12540,FALSE,2.3,1,65.0130964,2,60,0,0,1,0,0,0,2011,0,0
2010,10YT001739,3310,V155891,FAM12540,FALSE,2.3,2,65.2529499,2,60,0,0,1,0,0,0,2011,0,0
2010,10YT001739,3490,V155890,FAM12533,FALSE,2.7,1,45.1630973,2,40,0,1,0,0,0,0,2011,0,0
2010,10YT001739,3490,V155890,FAM12533,FALSE,2.7,2,58.1819547,2,50,0,1,0,0,0,0,2011,0,0
2010,10YT001739,3490,V155891,FAM12540,FALSE,2.3,1,53.6760391,2,50,0,0,1,0,0,0,2011,0,0
2010,10YT001739,3490,V155891,FAM12540,FALSE,2.3,2,43.0591372,2,40,0,0,1,0,0,0,2011,0,0
2010,10YT001742,2110,V155786,FAM13537,FALSE,2.8,2,73.4557029,2,70,0,1,0,0,0,0,2011,0,0
2010,10YT001742,2110,V155820,FAM12533,FALSE,2.8,1,77.6196079,2,70,0,1,0,0,0,0,2011,1,1061421
2010,10YT001742,2110,V155820,FAM12533,FALSE,2.8,2,84.5609365,2,80,0,1,0,0,0,0,2011,1,1061421
2010,10YT001742,2110,V155842,FAM13982,FALSE,2.4,2,68.1172145,2,60,0,1,0,0,0,0,2011,1,634171
2010,10YT001742,2110,V155853,FAM13521,FALSE,2.7,1,64.4875896,2,60,0,1,0,0,0,0,2011,1,761392
2010,10YT001742,2110,V155853,FAM13521,FALSE,2.7,2,71.106536,2,70,0,1,0,0,0,0,2011,1,761392
2010,10YT001742,2120,V155786,FAM13537,FALSE,2.8,1,56.9639507,2,50,0,1,0,0,0,0,2011,0,0
2010,10YT001742,2120,V155786,FAM13537,FALSE,2.8,2,49.0348062,2,40,0,1,0,0,0,0,2011,0,0
2010,10YT001742,2120,V155820,FAM12533,FALSE,2.8,1,77.963849,2,70,0,1,0,0,0,0,2011,1,1061421
2010,10YT001742,2120,V155820,FAM12533,FALSE,2.8,2,57.5229151,2,50,0,1,0,0,0,0,2011,1,1061421
2010,10YT001742,2120,V155842,FAM13982,FALSE,2.4,1,65.3412779,2,60,0,1,0,0,0,0,2011,1,634171
2010,10YT001742,2120,V155853,FAM13521,FALSE,2.7,1,58.9758654,2,50,0,1,0,0,0,0,2011,1,761392
2010,10YT001742,2120,V155853,FAM13521,FALSE,2.7,2,48.4758419,2,40,0,1,0,0,0,0,2011,1,761392
2010,10YT001742,2170,V155786,FAM13537,FALSE,2.8,1,77.069863,2,70,0,1,0,0,0,0,2011,0,0
2010,10YT001742,2170,V155786,FAM13537,FALSE,2.8,2,80.3081087,2,80,0,1,0,0,0,0,2011,0,0
2010,10YT001742,2170,V155820,FAM12533,FALSE,2.8,1,71.1501052,2,70,0,1,0,0,0,0,2011,1,1061421
2010,10YT001742,2170,V155820,FAM12533,FALSE,2.8,2,66.4592065,2,60,0,1,0,0,0,0,2011,1,1061421
2010,10YT001742,2170,V155842,FAM13982,FALSE,2.4,2,80.7561427,2,80,0,1,0,0,0,0,2011,1,634171
2010,10YT001742,2200,V155786,FAM13537,FALSE,2.8,1,65.6520614,2,60,0,1,0,0,0,0,2011,0,0
2010,10YT001742,2200,V155786,FAM13537,FALSE,2.8,2,96.5595613,2,90,0,1,0,0,0,0,2011,0,0
2010,10YT001742,2200,V155820,FAM12533,FALSE,2.8,1,69.1802727,2,60,0,1,0,0,0,0,2011,1,1061421
2010,10YT001742,2200,V155820,FAM12533,FALSE,2.8,2,69.6970062,2,60,0,1,0,0,0,0,2011,1,1061421
2010,10YT001742,2200,V155842,FAM13982,FALSE,2.4,1,52.37625,2,50,0,1,0,0,0,0,2011,1,634171
2010,10YT001742,2200,V155842,FAM13982,FALSE,2.4,2,75.5071718,2,70,0,1,0,0,0,0,2011,1,634171
2010,10YT001742,2210,V155786,FAM13537,FALSE,2.8,2,63.728326,2,60,0,1,0,0,0,0,2011,0,0
2010,10YT001742,2210,V155820,FAM12533,FALSE,2.8,2,63.1237107,2,60,0,1,0,0,0,0,2011,1,1061421
2010,10YT001742,2210,V155842,FAM13982,FALSE,2.4,1,60.400414,2,60,0,1,0,0,0,0,2011,1,634171
2010,10YT001742,2210,V155842,FAM13982,FALSE,2.4,2,61.7120991,2,60,0,1,0,0,0,0,2011,1,634171
2010,10YT001742,2210,V155853,FAM13521,FALSE,2.7,2,60.1981816,2,60,0,1,0,0,0,0,2011,1,761392
2010,10YT001742,2230,V155786,FAM13537,FALSE,2.8,2,59.0866471,2,50,0,1,0,0,0,0,2011,0,0
2010,10YT001742,2230,V155820,FAM12533,FALSE,2.8,1,49.2565183,2,40,0,1,0,0,0,0,2011,1,1061421
2010,10YT001742,2230,V155842,FAM13982,FALSE,2.4,1,45.4593083,2,40,0,1,0,0,0,0,2011,1,634171
2010,10YT001742,2230,V155853,FAM13521,FALSE,2.7,1,43.3367606,2,40,0,1,0,0,0,0,2011,1,761392
2010,10YT001742,2230,V155853,FAM13521,FALSE,2.7,2,45.6833996,2,40,0,1,0,0,0,0,2011,1,761392
2010,10YT001742,2240,V155786,FAM13537,FALSE,2.8,2,82.2626251,2,80,0,1,0,0,0,0,2011,0,0
2010,10YT001742,2240,V155820,FAM12533,FALSE,2.8,1,58.0613587,2,50,0,1,0,0,0,0,2011,1,1061421
2010,10YT001742,2240,V155820,FAM12533,FALSE,2.8,2,56.0875114,2,50,0,1,0,0,0,0,2011,1,1061421
2010,10YT001742,2240,V155842,FAM13982,FALSE,2.4,1,54.0106147,2,50,0,1,0,0,0,0,2011,1,634171
2010,10YT001742,2240,V155853,FAM13521,FALSE,2.7,1,62.8379088,2,60,0,1,0,0,0,0,2011,1,761392
2010,10YT001742,2240,V155853,FAM13521,FALSE,2.7,2,59.2039716,2,50,0,1,0,0,0,0,2011,1,761392
2010,10YT001742,2260,V155786,FAM13537,FALSE,2.8,2,66.1243335,2,60,0,1,0,0,0,0,2011,0,0
2010,10YT001742,2260,V155820,FAM12533,FALSE,2.8,1,52.4971433,2,50,0,1,0,0,0,0,2011,1,1061421
2010,10YT001742,2260,V155820,FAM12533,FALSE,2.8,2,56.9639507,2,50,0,1,0,0,0,0,2011,1,1061421
2010,10YT001742,2260,V155853,FAM13521,FALSE,2.7,1,61.9898712,2,60,0,1,0,0,0,0,2011,1,761392
2010,10YT001742,2260,V155853,FAM13521,FALSE,2.7,2,61.4332861,2,60,0,1,0,0,0,0,2011,1,761392
2010,10YT001742,2280,V155820,FAM12533,FALSE,2.8,2,65.0300482,2,60,0,1,0,0,0,0,2011,1,1061421
2010,10YT001742,2280,V155842,FAM13982,FALSE,2.4,1,55.0744164,2,50,0,1,0,0,0,0,2011,1,634171
2010,10YT001742,2280,V155842,FAM13982,FALSE,2.4,2,64.6162153,2,60,0,1,0,0,0,0,2011,1,634171
2010,10YT001742,2280,V155853,FAM13521,FALSE,2.7,1,40.4494475,2,40,0,1,0,0,0,0,2011,1,761392
2010,10YT001742,2280,V155853,FAM13521,FALSE,2.7,2,60.4661395,2,60,0,1,0,0,0,0,2011,1,761392
2010,10YT001742,2301,V155786,FAM13537,FALSE,2.8,1,61.0767028,2,60,0,1,0,0,0,0,2011,0,0
2010,10YT001742,2301,V155820,FAM12533,FALSE,2.8,2,57.6213546,2,50,0,1,0,0,0,0,2011,1,1061421
2010,10YT001742,2301,V155842,FAM13982,FALSE,2.4,1,59.9257627,2,50,0,1,0,0,0,0,2011,1,634171
2010,10YT001742,2301,V155853,FAM13521,FALSE,2.7,2,62.2300221,2,60,0,1,0,0,0,0,2011,1,761392
2010,10YT001742,2308,V155820,FAM12533,FALSE,2.8,2,47.4309251,2,40,0,1,0,0,0,0,2011,1,1061421
2010,10YT001742,2308,V155842,FAM13982,FALSE,2.4,1,56.7126473,2,50,0,1,0,0,0,0,2011,1,634171
2010,10YT001742,2310,V155842,FAM13982,FALSE,2.4,1,58.5276828,2,50,0,1,0,0,0,0,2011,1,634171
2010,10YT001742,2310,V155853,FAM13521,FALSE,2.7,1,60.8743217,2,60,0,1,0,0,0,0,2011,1,761392
2010,10YT001742,2310,V155853,FAM13521,FALSE,2.7,2,61.2091948,2,60,0,1,0,0,0,0,2011,1,761392
2010,10YT001742,2320,V155786,FAM13537,FALSE,2.8,1,78.0746307,2,70,0,1,0,0,0,0,2011,0,0
2010,10YT001742,2320,V155820,FAM12533,FALSE,2.8,2,55.6244587,2,50,0,1,0,0,0,0,2011,1,1061421
2010,10YT001742,2340,V155786,FAM13537,FALSE,2.8,2,64.0898164,2,60,0,1,0,0,0,0,2011,0,0
2010,10YT001742,2340,V155820,FAM12533,FALSE,2.8,2,48.9692294,2,40,0,1,0,0,0,0,2011,1,1061421
2010,10YT001742,2340,V155842,FAM13982,FALSE,2.4,1,62.9880961,2,60,0,1,0,0,0,0,2011,1,634171
2010,10YT001742,2340,V155853,FAM13521,FALSE,2.7,1,64.2907105,2,60,0,1,0,0,0,0,2011,1,761392
2010,10YT001742,2340,V155853,FAM13521,FALSE,2.7,2,49.5696811,2,40,0,1,0,0,0,0,2011,1,761392
2010,10YT001742,2405,V155786,FAM13537,FALSE,2.8,1,57.0680409,2,50,0,1,0,0,0,0,2011,0,0
2010,10YT001742,2405,V155820,FAM12533,FALSE,2.8,1,68.4650244,2,60,0,1,0,0,0,0,2011,1,1061421
2010,10YT001742,2405,V155820,FAM12533,FALSE,2.8,2,41.0336908,2,40,0,1,0,0,0,0,2011,1,1061421
2010,10YT001742,2405,V155853,FAM13521,FALSE,2.7,1,48.3840939,2,40,0,1,0,0,0,0,2011,1,761392
2010,10YT001742,2420,V155786,FAM13537,FALSE,2.8,1,74.0024738,2,70,0,1,0,0,0,0,2011,0,0
2010,10YT001742,2420,V155786,FAM13537,FALSE,2.8,2,70.297904,2,70,0,1,0,0,0,0,2011,0,0
2010,10YT001742,2420,V155842,FAM13982,FALSE,2.4,2,66.191546,2,60,0,1,0,0,0,0,2011,1,634171
2010,10YT001742,2420,V155853,FAM13521,FALSE,2.7,1,72.6005276,2,70,0,1,0,0,0,0,2011,1,761392
2010,10YT001742,2420,V155853,FAM13521,FALSE,2.7,2,60.9856983,2,60,0,1,0,0,0,0,2011,1,761392
2010,10YT001742,2440,V155786,FAM13537,FALSE,2.8,1,36.7048773,2,30,0,1,0,0,0,0,2011,0,0
2010,10YT001742,2440,V155786,FAM13537,FALSE,2.8,2,38.2165642,2,30,0,1,0,0,0,0,2011,0,0
2010,10YT001742,2440,V155820,FAM12533,FALSE,2.8,1,37.4095678,2,30,0,1,0,0,0,0,2011,1,1061421
2010,10YT001742,2440,V155842,FAM13982,FALSE,2.4,1,39.3258682,2,30,0,1,0,0,0,0,2011,1,634171
2010,10YT001742,2440,V155842,FAM13982,FALSE,2.4,2,37.1072602,2,30,0,1,0,0,0,0,2011,1,634171
2010,10YT001742,2440,V155853,FAM13521,FALSE,2.7,2,36.8049525,2,30,0,1,0,0,0,0,2011,1,761392
2010,10YT001742,2450,V155786,FAM13537,FALSE,2.8,1,80.3656557,2,80,0,1,0,0,0,0,2011,0,0
2010,10YT001742,2450,V155786,FAM13537,FALSE,2.8,2,70.1819178,2,70,0,1,0,0,0,0,2011,0,0
2010,10YT001742,2450,V155820,FAM12533,FALSE,2.8,1,61.9143314,2,60,0,1,0,0,0,0,2011,1,1061421
2010,10YT001742,2450,V155842,FAM13982,FALSE,2.4,1,62.2166391,2,60,0,1,0,0,0,0,2011,1,634171
2010,10YT001742,2450,V155842,FAM13982,FALSE,2.4,2,53.7445899,2,50,0,1,0,0,0,0,2011,1,634171
2010,10YT001742,2450,V155853,FAM13521,FALSE,2.7,1,74.8213662,2,70,0,1,0,0,0,0,2011,1,761392
2010,10YT001742,2470,V155786,FAM13537,FALSE,2.8,2,66.6516246,2,60,0,1,0,0,0,0,2011,0,0
2010,10YT001742,2470,V155820,FAM12533,FALSE,2.8,2,65.442394,2,60,0,1,0,0,0,0,2011,1,1061421
2010,10YT001742,2470,V155842,FAM13982,FALSE,2.4,1,63.6283994,2,60,0,1,0,0,0,0,2011,1,634171
2010,10YT001742,2470,V155842,FAM13982,FALSE,2.4,2,64.130709,2,60,0,1,0,0,0,0,2011,1,634171
2010,10YT001742,2470,V155853,FAM13521,FALSE,2.7,2,60.3004874,2,60,0,1,0,0,0,0,2011,1,761392
2010,10YT001742,2530,V155786,FAM13537,FALSE,2.8,2,50.8212913,2,50,0,1,0,0,0,0,2011,0,0
2010,10YT001742,2530,V155820,FAM12533,FALSE,2.8,1,57.6772659,2,50,0,1,0,0,0,0,2011,1,1061421
2010,10YT001742,2530,V155820,FAM12533,FALSE,2.8,2,59.895874,2,50,0,1,0,0,0,0,2011,1,1061421
2010,10YT001742,2530,V155842,FAM13982,FALSE,2.4,1,58.181806,2,50,0,1,0,0,0,0,2011,1,634171
2010,10YT001742,2530,V155842,FAM13982,FALSE,2.4,2,58.4841136,2,50,0,1,0,0,0,0,2011,1,634171
2010,10YT001742,2530,V155853,FAM13521,FALSE,2.7,2,57.3748096,2,50,0,1,0,0,0,0,2011,1,761392
2010,10YT001742,3120,V155786,FAM13537,FALSE,2.8,1,73.159492,2,70,0,1,0,0,0,0,2011,0,0
2010,10YT001742,3120,V155786,FAM13537,FALSE,2.8,2,80.5322,2,80,0,1,0,0,0,0,2011,0,0
2010,10YT001742,3120,V155820,FAM12533,FALSE,2.8,1,87.1217038,2,80,0,1,0,0,0,0,2011,1,1061421
2010,10YT001742,3120,V155820,FAM12533,FALSE,2.8,2,77.7397577,2,70,0,1,0,0,0,0,2011,1,1061421
2010,10YT001742,3120,V155842,FAM13982,FALSE,2.4,2,84.6641345,2,80,0,1,0,0,0,0,2011,1,634171
2010,10YT001742,3140,V155820,FAM12533,FALSE,2.8,2,56.9639507,2,50,0,1,0,0,0,0,2011,1,1061421
2010,10YT001742,3150,V155786,FAM13537,FALSE,2.8,1,60.3153574,2,60,0,1,0,0,0,0,2011,0,0
2010,10YT001742,3150,V155786,FAM13537,FALSE,2.8,2,55.84855,2,50,0,1,0,0,0,0,2011,0,0
2010,10YT001742,3150,V155842,FAM13982,FALSE,2.4,1,50.2636653,2,50,0,1,0,0,0,0,2011,1,634171
2010,10YT001742,3150,V155842,FAM13982,FALSE,2.4,2,65.9002422,2,60,0,1,0,0,0,0,2011,1,634171
2010,10YT001742,3150,V155853,FAM13521,FALSE,2.7,1,59.1974288,2,50,0,1,0,0,0,0,2011,1,761392
2010,10YT001742,3150,V155853,FAM13521,FALSE,2.7,2,59.1974288,2,50,0,1,0,0,0,0,2011,1,761392
2010,10YT001742,3230,V155786,FAM13537,FALSE,2.8,1,51.9380303,2,50,0,1,0,0,0,0,2011,0,0
2010,10YT001742,3230,V155820,FAM12533,FALSE,2.8,1,53.3909807,2,50,0,1,0,0,0,0,2011,1,1061421
2010,10YT001742,3230,V155842,FAM13982,FALSE,2.4,1,47.6927863,2,40,0,1,0,0,0,0,2011,1,634171
2010,10YT001742,3230,V155842,FAM13982,FALSE,2.4,2,61.0984131,2,60,0,1,0,0,0,0,2011,1,634171
2010,10YT001742,3230,V155853,FAM13521,FALSE,2.7,2,50.70932,2,50,0,1,0,0,0,0,2011,1,761392
2010,10YT001742,3270,V155786,FAM13537,FALSE,2.8,1,60.1550585,2,60,0,1,0,0,0,0,2011,0,0
2010,10YT001742,3270,V155820,FAM12533,FALSE,2.8,1,50.1994268,2,50,0,1,0,0,0,0,2011,1,1061421
2010,10YT001742,3270,V155842,FAM13982,FALSE,2.4,1,41.6933252,2,40,0,1,0,0,0,0,2011,1,634171
2010,10YT001742,3270,V155853,FAM13521,FALSE,2.7,1,51.5484356,2,50,0,1,0,0,0,0,2011,1,761392
2010,10YT001742,3270,V155853,FAM13521,FALSE,2.7,2,49.2664813,2,40,0,1,0,0,0,0,2011,1,761392
2010,10YT001742,3310,V155786,FAM13537,FALSE,2.8,1,64.0016371,2,60,0,1,0,0,0,0,2011,0,0
2010,10YT001742,3310,V155786,FAM13537,FALSE,2.8,2,54.954564,2,50,0,1,0,0,0,0,2011,0,0
2010,10YT001742,3310,V155820,FAM12533,FALSE,2.8,1,54.7304727,2,50,0,1,0,0,0,0,2011,1,1061421
2010,10YT001742,3310,V155820,FAM12533,FALSE,2.8,2,59.1974288,2,50,0,1,0,0,0,0,2011,1,1061421
2010,10YT001742,3310,V155842,FAM13982,FALSE,2.4,1,71.1501052,2,70,0,1,0,0,0,0,2011,1,634171
2010,10YT001742,3310,V155842,FAM13982,FALSE,2.4,2,64.7823135,2,60,0,1,0,0,0,0,2011,1,634171
2010,10YT001742,3310,V155853,FAM13521,FALSE,2.7,1,63.7775458,2,60,0,1,0,0,0,0,2011,1,761392
2010,10YT001742,3310,V155853,FAM13521,FALSE,2.7,2,66.1243335,2,60,0,1,0,0,0,0,2011,1,761392
2010,10YT001742,3490,V155786,FAM13537,FALSE,2.8,1,52.773131,2,50,0,1,0,0,0,0,2011,0,0
2010,10YT001742,3490,V155820,FAM12533,FALSE,2.8,1,49.167893,2,40,0,1,0,0,0,0,2011,1,1061421
2010,10YT001742,3490,V155820,FAM12533,FALSE,2.8,2,49.4681188,2,40,0,1,0,0,0,0,2011,1,1061421
2010,10YT001742,3490,V155842,FAM13982,FALSE,2.4,2,63.3878024,2,60,0,1,0,0,0,0,2011,1,634171
2010,10YT001742,3490,V155853,FAM13521,FALSE,2.7,2,48.3687777,2,40,0,1,0,0,0,0,2011,1,761392
2010,10YT001743,2170,V120075,FAM12485,FALSE,2.6,2,81.5368191,2,80,0,1,0,0,0,0,2011,0,0
2010,10YT001743,2170,V139548,FAM13984,FALSE,3,1,71.4851269,3,70,0,0,1,0,0,0,2013,0,0
2010,10YT001743,2170,V139548,FAM13984,FALSE,3,2,87.1217038,3,80,0,0,1,0,0,0,2013,0,0
2010,10YT001743,2170,V155843,FAM13991,FALSE,3,1,77.4048847,3,70,0,0,0,1,0,0,2011,1,871341
2010,10YT001743,2170,V155859,FAM06089,FALSE,2.7,2,72.1548729,2,70,0,1,0,0,0,0,2011,0,0
2010,10YT001743,2200,V120075,FAM12485,FALSE,2.6,1,73.6390503,2,70,0,1,0,0,0,0,2011,0,0
2010,10YT001743,2200,V120075,FAM12485,FALSE,2.6,2,71.4622271,2,70,0,1,0,0,0,0,2011,0,0
2010,10YT001743,2200,V139548,FAM13984,FALSE,3,1,61.2960357,3,60,0,0,1,0,0,0,2013,0,0
2010,10YT001743,2200,V139548,FAM13984,FALSE,3,2,72.0840916,3,70,0,0,1,0,0,0,2013,0,0
2010,10YT001743,2200,V155843,FAM13991,FALSE,3,1,68.8691918,3,60,0,0,0,1,0,0,2011,1,871341
2010,10YT001743,2200,V155843,FAM13991,FALSE,3,2,81.8318404,3,80,0,0,0,1,0,0,2011,1,871341
2010,10YT001743,2200,V155859,FAM06089,FALSE,2.7,2,50.0965262,2,50,0,1,0,0,0,0,2011,0,0
2010,10YT001743,2260,V120075,FAM12485,FALSE,2.6,1,46.2425126,2,40,0,1,0,0,0,0,2011,0,0
2010,10YT001743,2260,V120075,FAM12485,FALSE,2.6,2,53.6125441,2,50,0,1,0,0,0,0,2011,0,0
2010,10YT001743,2260,V139548,FAM13984,FALSE,3,1,65.2304962,3,60,0,0,1,0,0,0,2013,0,0
2010,10YT001743,2260,V155859,FAM06089,FALSE,2.7,1,49.1457366,2,40,0,1,0,0,0,0,2011,0,0
2010,10YT001743,2260,V155859,FAM06089,FALSE,2.7,2,56.2942047,2,50,0,1,0,0,0,0,2011,0,0
2010,10YT001743,2310,V139548,FAM13984,FALSE,3,1,62.6621451,3,60,0,0,1,0,0,0,2013,0,0
2010,10YT001743,2310,V155843,FAM13991,FALSE,3,1,62.3247442,3,60,0,0,0,1,0,0,2011,1,871341
2010,10YT001743,2310,V155843,FAM13991,FALSE,3,2,65.2304962,3,60,0,0,0,1,0,0,2011,1,871341
2010,10YT001743,2310,V155859,FAM06089,FALSE,2.7,1,54.5063814,2,50,0,1,0,0,0,0,2011,0,0
2010,10YT001743,2310,V155859,FAM06089,FALSE,2.7,2,64.6713831,2,60,0,1,0,0,0,0,2011,0,0
2010,10YT001743,2320,V120075,FAM12485,FALSE,2.6,2,71.3741965,2,70,0,1,0,0,0,0,2011,0,0
2010,10YT001743,2320,V155843,FAM13991,FALSE,3,2,69.9213949,3,60,0,0,0,1,0,0,2011,1,871341
2010,10YT001743,2320,V155859,FAM06089,FALSE,2.7,1,55.84855,2,50,0,1,0,0,0,0,2011,0,0
2010,10YT001743,2320,V155859,FAM06089,FALSE,2.7,2,73.7184563,2,70,0,1,0,0,0,0,2011,0,0
2010,10YT001743,2340,V120075,FAM12485,FALSE,2.6,1,65.8913202,2,60,0,1,0,0,0,0,2011,0,0
2010,10YT001743,2340,V120075,FAM12485,FALSE,2.6,2,65.0920562,2,60,0,1,0,0,0,0,2011,0,0
2010,10YT001743,2340,V139548,FAM13984,FALSE,3,1,58.8818868,3,50,0,0,1,0,0,0,2013,0,0
2010,10YT001743,2340,V155843,FAM13991,FALSE,3,1,74.8038195,3,70,0,0,0,1,0,0,2011,1,871341
2010,10YT001743,2405,V120075,FAM12485,FALSE,2.6,2,53.4651821,2,50,0,1,0,0,0,0,2011,0,0
2010,10YT001743,2405,V139548,FAM13984,FALSE,3,1,45.8520257,3,40,0,0,1,0,0,0,2013,0,0
2010,10YT001743,2405,V155843,FAM13991,FALSE,3,2,59.6823404,3,50,0,0,0,1,0,0,2011,1,871341
2010,10YT001743,2405,V155859,FAM06089,FALSE,2.7,1,52.1649469,2,50,0,1,0,0,0,0,2011,0,0
2010,10YT001743,2420,V120075,FAM12485,FALSE,2.6,1,72.000076,2,70,0,1,0,0,0,0,2011,0,0
2010,10YT001743,2420,V120075,FAM12485,FALSE,2.6,2,68.595732,2,60,0,1,0,0,0,0,2011,0,0
2010,10YT001743,2420,V139548,FAM13984,FALSE,3,1,69.7967841,3,60,0,0,1,0,0,0,2013,0,0
2010,10YT001743,2420,V139548,FAM13984,FALSE,3,2,67.9952803,3,60,0,0,1,0,0,0,2013,0,0
2010,10YT001743,2420,V155843,FAM13991,FALSE,3,1,60.5839101,3,60,0,0,0,1,0,0,2011,1,871341
2010,10YT001743,2420,V155859,FAM06089,FALSE,2.7,2,57.9810606,2,50,0,1,0,0,0,0,2011,0,0
2010,10YT001743,2440,V120075,FAM12485,FALSE,2.6,1,34.5863445,2,30,0,1,0,0,0,0,2011,0,0
2010,10YT001743,2440,V120075,FAM12485,FALSE,2.6,2,35.2932656,2,30,0,1,0,0,0,0,2011,0,0
2010,10YT001743,2440,V139548,FAM13984,FALSE,3,1,40.6374046,3,40,0,0,1,0,0,0,2013,0,0
2010,10YT001743,2440,V155843,FAM13991,FALSE,3,1,41.2421686,3,40,0,0,0,1,0,0,2011,1,871341
2010,10YT001743,2450,V120075,FAM12485,FALSE,2.6,1,66.9563115,2,60,0,1,0,0,0,0,2011,0,0
2010,10YT001743,2450,V120075,FAM12485,FALSE,2.6,2,58.5864194,2,50,0,1,0,0,0,0,2011,0,0
2010,10YT001743,2450,V139548,FAM13984,FALSE,3,2,71.8958371,3,70,0,0,1,0,0,0,2013,0,0
2010,10YT001743,2450,V155859,FAM06089,FALSE,2.7,2,69.9795367,2,60,0,1,0,0,0,0,2011,0,0
2010,10YT001743,2470,V120075,FAM12485,FALSE,2.6,1,61.4097914,2,60,0,1,0,0,0,0,2011,0,0
2010,10YT001743,2470,V139548,FAM13984,FALSE,3,1,57.4771154,3,50,0,0,1,0,0,0,2013,0,0
2010,10YT001743,2470,V139548,FAM13984,FALSE,3,2,56.7701943,3,50,0,0,1,0,0,0,2013,0,0
2010,10YT001743,2470,V155843,FAM13991,FALSE,3,2,58.9888023,3,50,0,0,0,1,0,0,2011,1,871341
2010,10YT001743,2470,V155859,FAM06089,FALSE,2.7,1,54.0491281,2,50,0,1,0,0,0,0,2011,0,0
2010,10YT001743,2470,V155859,FAM06089,FALSE,2.7,2,57.9818041,2,50,0,1,0,0,0,0,2011,0,0
2010,10YT001743,2530,V120075,FAM12485,FALSE,2.6,2,56.2655056,2,50,0,1,0,0,0,0,2011,0,0
2010,10YT001743,2530,V139548,FAM13984,FALSE,3,1,51.32598,3,50,0,0,1,0,0,0,2013,0,0
2010,10YT001743,2530,V155843,FAM13991,FALSE,3,2,53.7445899,3,50,0,0,0,1,0,0,2011,1,871341
2010,10YT001743,2530,V155859,FAM06089,FALSE,2.7,1,62.619022,2,60,0,1,0,0,0,0,2011,0,0
2010,10YT001743,2530,V155859,FAM06089,FALSE,2.7,2,61.9143314,2,60,0,1,0,0,0,0,2011,0,0
2010,10YT001743,3120,V120075,FAM12485,FALSE,2.6,2,84.9990075,2,80,0,1,0,0,0,0,2011,0,0
2010,10YT001743,3120,V139548,FAM13984,FALSE,3,1,70.1454862,3,70,0,0,1,0,0,0,2013,0,0
2010,10YT001743,3120,V139548,FAM13984,FALSE,3,2,69.0275576,3,60,0,0,1,0,0,0,2013,0,0
2010,10YT001743,3120,V155843,FAM13991,FALSE,3,1,70.2562679,3,70,0,0,0,1,0,0,2011,1,871341
2010,10YT001743,3120,V155859,FAM06089,FALSE,2.7,1,74.723224,2,70,0,1,0,0,0,0,2011,0,0
2010,10YT001743,3120,V155859,FAM06089,FALSE,2.7,2,74.8365336,2,70,0,1,0,0,0,0,2011,0,0
2010,10YT001743,3140,V120075,FAM12485,FALSE,2.6,1,65.2304962,2,60,0,1,0,0,0,0,2011,0,0
2010,10YT001743,3140,V120075,FAM12485,FALSE,2.6,2,60.0912661,2,60,0,1,0,0,0,0,2011,0,0
2010,10YT001743,3140,V139548,FAM13984,FALSE,3,2,50.039574,3,50,0,0,1,0,0,0,2013,0,0
2010,10YT001743,3140,V155843,FAM13991,FALSE,3,1,64.0016371,3,60,0,0,0,1,0,0,2011,1,871341
2010,10YT001743,3140,V155843,FAM13991,FALSE,3,2,55.5135283,3,50,0,0,0,1,0,0,2011,1,871341
2010,10YT001743,3140,V155859,FAM06089,FALSE,2.7,1,73.7184563,2,70,0,1,0,0,0,0,2011,0,0
2010,10YT001743,3150,V120075,FAM12485,FALSE,2.6,1,54.7304727,2,50,0,1,0,0,0,0,2011,0,0
2010,10YT001743,3150,V120075,FAM12485,FALSE,2.6,2,67.0181708,2,60,0,1,0,0,0,0,2011,0,0
2010,10YT001743,3150,V139548,FAM13984,FALSE,3,2,58.0818794,3,50,0,0,1,0,0,0,2013,0,0
2010,10YT001743,3150,V155843,FAM13991,FALSE,3,1,59.1974288,3,50,0,0,0,1,0,0,2011,1,871341
2010,10YT001743,3150,V155859,FAM06089,FALSE,2.7,1,53.6125441,2,50,0,1,0,0,0,0,2011,0,0
2010,10YT001743,3150,V155859,FAM06089,FALSE,2.7,2,65.9002422,2,60,0,1,0,0,0,0,2011,0,0
2010,10YT001743,3210,V120075,FAM12485,FALSE,2.6,1,65.8600931,2,60,0,1,0,0,0,0,2011,0,0
2010,10YT001743,3210,V120075,FAM12485,FALSE,2.6,2,63.7861704,2,60,0,1,0,0,0,0,2011,0,0
2010,10YT001743,3210,V139548,FAM13984,FALSE,3,1,73.3279694,3,70,0,0,1,0,0,0,2013,0,0
2010,10YT001743,3210,V139548,FAM13984,FALSE,3,2,59.7412257,3,50,0,0,1,0,0,0,2013,0,0
2010,10YT001743,3210,V155843,FAM13991,FALSE,3,1,63.7861704,3,60,0,0,0,1,0,0,2011,1,871341
2010,10YT001743,3210,V155843,FAM13991,FALSE,3,2,64.9271476,3,60,0,0,0,1,0,0,2011,1,871341
2010,10YT001743,3210,V155859,FAM06089,FALSE,2.7,1,69.2830246,2,60,0,1,0,0,0,0,2011,0,0
2010,10YT001743,3210,V155859,FAM06089,FALSE,2.7,2,67.3120025,2,60,0,1,0,0,0,0,2011,0,0
2010,10YT001743,3230,V120075,FAM12485,FALSE,2.6,1,48.9216453,2,40,0,1,0,0,0,0,2011,0,0
2010,10YT001743,3230,V139548,FAM13984,FALSE,3,2,51.2682843,3,50,0,0,1,0,0,0,2013,0,0
2010,10YT001743,3230,V155843,FAM13991,FALSE,3,1,49.2565183,3,40,0,0,0,1,0,0,2011,1,871341
2010,10YT001743,3240,V120075,FAM12485,FALSE,2.6,1,55.5933804,2,50,0,1,0,0,0,0,2011,0,0
2010,10YT001743,3240,V120075,FAM12485,FALSE,2.6,2,53.6223583,2,50,0,1,0,0,0,0,2011,0,0
2010,10YT001743,3240,V139548,FAM13984,FALSE,3,1,56.6292264,3,50,0,0,1,0,0,0,2013,0,0
2010,10YT001743,3240,V139548,FAM13984,FALSE,3,2,51.0294717,3,50,0,0,1,0,0,0,2013,0,0
2010,10YT001743,3240,V155859,FAM06089,FALSE,2.7,1,58.0811359,2,50,0,1,0,0,0,0,2011,0,0
2010,10YT001743,3240,V155859,FAM06089,FALSE,2.7,2,50.6132596,2,50,0,1,0,0,0,0,2011,0,0
2010,10YT001743,3260,V120075,FAM12485,FALSE,2.6,2,55.1762761,2,50,0,1,0,0,0,0,2011,0,0
2010,10YT001743,3260,V139548,FAM13984,FALSE,3,1,50.374447,3,50,0,0,1,0,0,0,2013,0,0
2010,10YT001743,3260,V139548,FAM13984,FALSE,3,2,54.284818,3,50,0,0,1,0,0,0,2013,0,0
2010,10YT001743,3260,V155843,FAM13991,FALSE,3,2,68.2445019,3,60,0,0,0,1,0,0,2011,1,871341
2010,10YT001743,3260,V155859,FAM06089,FALSE,2.7,1,52.4971433,2,50,0,1,0,0,0,0,2011,0,0
2010,10YT001743,3270,V139548,FAM13984,FALSE,3,1,53.6223583,3,50,0,0,1,0,0,0,2013,0,0
2010,10YT001743,3270,V139548,FAM13984,FALSE,3,2,57.8731042,3,50,0,0,1,0,0,0,2013,0,0
2010,10YT001743,3270,V155843,FAM13991,FALSE,3,1,71.4622271,3,70,0,0,0,1,0,0,2011,1,871341
2010,10YT001743,3270,V155843,FAM13991,FALSE,3,2,52.1704488,3,50,0,0,0,1,0,0,2011,1,871341
2010,10YT001743,3310,V120075,FAM12485,FALSE,2.6,1,65.9002422,2,60,0,1,0,0,0,0,2011,0,0
2010,10YT001743,3310,V120075,FAM12485,FALSE,2.6,2,55.7352404,2,50,0,1,0,0,0,0,2011,0,0
2010,10YT001743,3310,V139548,FAM13984,FALSE,3,1,74.1666389,3,70,0,0,1,0,0,0,2013,0,0
2010,10YT001743,3310,V139548,FAM13984,FALSE,3,2,65.1171866,3,60,0,0,1,0,0,0,2013,0,0
2010,10YT001743,3310,V155843,FAM13991,FALSE,3,1,73.7184563,3,70,0,0,0,1,0,0,2011,1,871341
2010,10YT001743,3310,V155843,FAM13991,FALSE,3,2,59.5323018,3,50,0,0,0,1,0,0,2011,1,871341
2010,10YT001743,3310,V155859,FAM06089,FALSE,2.7,1,67.6879168,2,60,0,1,0,0,0,0,2011,0,0
2010,10YT001743,3310,V155859,FAM06089,FALSE,2.7,2,56.4049864,2,50,0,1,0,0,0,0,2011,0,0
2010,10YT001743,3370,V155843,FAM13991,FALSE,3,1,64.7191159,3,60,0,0,0,1,0,0,2011,1,871341
2010,10YT001743,3370,V155843,FAM13991,FALSE,3,2,70.9431144,3,70,0,0,0,1,0,0,2011,1,871341
2010,10YT001743,3370,V155859,FAM06089,FALSE,2.7,1,54.0361911,2,50,0,1,0,0,0,0,2011,0,0
2010,10YT001743,3410,V120075,FAM12485,FALSE,2.6,2,62.787202,2,60,0,1,0,0,0,0,2011,0,0
2010,10YT001743,3410,V155843,FAM13991,FALSE,3,2,59.0827809,3,50,0,0,0,1,0,0,2011,1,871341
2010,10YT001743,3410,V155859,FAM06089,FALSE,2.7,1,59.5839008,2,50,0,1,0,0,0,0,2011,0,0
2010,10YT001743,3410,V155859,FAM06089,FALSE,2.7,2,44.7635397,2,40,0,1,0,0,0,0,2011,0,0
2010,10YT001743,3420,V120075,FAM12485,FALSE,2.6,2,52.1725306,2,50,0,1,0,0,0,0,2011,0,0
2010,10YT001743,3420,V139548,FAM13984,FALSE,3,1,56.9788208,3,50,0,0,1,0,0,0,2013,0,0
2010,10YT001743,3420,V155843,FAM13991,FALSE,3,1,51.1725213,3,50,0,0,0,1,0,0,2011,1,871341
2010,10YT001743,3420,V155843,FAM13991,FALSE,3,2,53.8747026,3,50,0,0,0,1,0,0,2011,1,871341
2010,10YT001743,3420,V155859,FAM06089,FALSE,2.7,1,56.4797827,2,50,0,1,0,0,0,0,2011,0,0
2010,10YT001743,3490,V120075,FAM12485,FALSE,2.6,1,45.2624291,2,40,0,1,0,0,0,0,2011,0,0
2010,10YT001743,3490,V120075,FAM12485,FALSE,2.6,2,47.2670574,2,40,0,1,0,0,0,0,2011,0,0
2010,10YT001743,3490,V155843,FAM13991,FALSE,3,1,50.2696133,3,50,0,0,0,1,0,0,2011,1,871341
2010,10YT001743,3490,V155843,FAM13991,FALSE,3,2,56.1795568,3,50,0,0,0,1,0,0,2011,1,871341
2010,10YT001743,3490,V155859,FAM06089,FALSE,2.7,1,47.9668409,2,40,0,1,0,0,0,0,2011,0,0
2010,10YT001743,3501,V120075,FAM12485,FALSE,2.6,1,63.3767986,2,60,0,1,0,0,0,0,2011,0,0
2010,10YT001743,3501,V120075,FAM12485,FALSE,2.6,2,61.7971556,2,60,0,1,0,0,0,0,2011,0,0
2010,10YT001743,3501,V139548,FAM13984,FALSE,3,2,50.5934825,3,50,0,0,1,0,0,0,2013,0,0
2010,10YT001743,3501,V155843,FAM13991,FALSE,3,1,59.6931955,3,50,0,0,0,1,0,0,2011,1,871341
2010,10YT001743,3501,V155843,FAM13991,FALSE,3,2,64.2191856,3,60,0,0,0,1,0,0,2011,1,871341
2010,10YT001743,3501,V155859,FAM06089,FALSE,2.7,1,69.0794539,2,60,0,1,0,0,0,0,2011,0,0
2010,10YT001743,3501,V155859,FAM06089,FALSE,2.7,2,69.089863,2,60,0,1,0,0,0,0,2011,0,0
